temp,location,clouds,pressure,rain,time_stamp,humidity,wind,is_Raining,ts_hour
42.75,Haymarket Square,0.75,1022.82,0.0,2018-12-01 19:52:54,0.57,1.69,False,2018-12-01 19:00:00
33.15,Fenway,0.05,1017.29,0.0,2018-11-30 13:52:54,0.79,1.85,False,2018-11-30 13:00:00
37.86,Back Bay,0.11,1017.43,0.0,2018-11-30 14:52:54,0.68,2.71,False,2018-11-30 14:00:00
22.68,Financial District,0.19,1033.73,0.0,2018-12-13 13:45:02,0.57,2.9,False,2018-12-13 13:00:00
35.02,Fenway,0.59,991.7,0.0,2018-11-28 07:56:39,0.79,5.51,False,2018-11-28 07:00:00
34.26,Beacon Hill,0.0,1014.51,0.0,2018-11-30 05:52:54,0.73,4.85,False,2018-11-30 05:00:00
41.3,Beacon Hill,0.9,989.86,0.0,2018-11-27 17:45:20,0.78,10.72,False,2018-11-27 17:00:00
44.1,Boston University,0.73,1006.81,0.0,2018-11-29 17:52:54,0.52,11.04,False,2018-11-29 17:00:00
39.32,North End,0.42,1023.44,0.0,2018-12-16 06:45:01,0.73,7.33,False,2018-12-16 06:00:00
39.19,Theatre District,1.0,1019.53,0.0313,2018-12-02 08:52:54,0.87,4.06,True,2018-12-02 08:00:00
20.1,South Station,0.43,1031.06,0.0,2018-12-13 10:45:02,0.64,3.84,False,2018-12-13 10:00:00
40.8,Fenway,0.98,1014.45,0.0,2018-11-26 08:21:59,0.93,1.34,False,2018-11-26 08:00:00
40.49,Haymarket Square,1.0,1014.19,0.0,2018-11-26 06:11:49,0.91,1.2,False,2018-11-26 06:00:00
36.67,South Station,0.58,997.48,0.0,2018-11-29 01:27:03,0.77,10.53,False,2018-11-29 01:00:00
44.18,Northeastern University,1.0,1000.78,0.1207,2018-11-27 03:45:20,0.91,13.43,True,2018-11-27 03:00:00
39.32,Fenway,0.83,995.67,0.0,2018-11-28 23:32:09,0.66,10.71,False,2018-11-28 23:00:00
42.67,North End,0.91,1014.85,0.003,2018-11-26 14:05:08,0.9,2.23,True,2018-11-26 14:00:00
50.74,Boston University,0.7,1000.23,0.0,2018-12-03 20:52:54,0.56,6.64,False,2018-12-03 20:00:00
38.6,Fenway,1.0,1006.41,0.0,2018-12-17 05:45:01,0.9,11.41,False,2018-12-17 05:00:00
46.62,South Station,0.95,1022.17,0.0,2018-12-15 12:45:01,0.87,4.18,False,2018-12-15 12:00:00
43.15,Financial District,0.95,1013.18,0.004,2018-12-16 21:45:01,0.73,10.81,True,2018-12-16 21:00:00
31.35,Boston University,0.83,1034.67,0.0,2018-12-13 22:45:02,0.63,2.3,False,2018-12-13 22:00:00
39.21,Northeastern University,0.42,1023.55,0.0,2018-12-16 06:45:01,0.73,7.18,False,2018-12-16 06:00:00
44.67,Fenway,1.0,1009.1,0.0,2018-11-26 21:05:10,0.85,9.12,False,2018-11-26 21:00:00
37.31,West End,0.88,1002.91,0.0,2018-12-17 15:45:02,0.87,7.6,False,2018-12-17 15:00:00
41.11,Back Bay,0.97,1014.37,0.0,2018-11-26 07:16:51,0.92,1.81,False,2018-11-26 07:00:00
43.92,North Station,1.0,1006.29,0.0409,2018-11-27 00:17:13,0.9,10.09,True,2018-11-27 00:00:00
45.66,Fenway,0.04,1003.23,0.0,2018-12-04 01:52:54,0.6,8.08,False,2018-12-04 01:00:00
37.5,North Station,0.42,998.65,0.0,2018-11-29 03:32:09,0.72,11.26,False,2018-11-29 03:00:00
37.68,Haymarket Square,0.62,998.37,0.0,2018-11-29 04:02:07,0.7,9.32,False,2018-11-29 04:00:00
44.98,Back Bay,0.96,988.43,0.0,2018-11-27 13:15:20,0.91,4.16,False,2018-11-27 13:00:00
35.41,Financial District,0.81,1018.49,0.0,2018-12-01 03:52:54,0.74,3.53,False,2018-12-01 03:00:00
33.58,Financial District,0.13,991.16,0.0,2018-11-28 10:00:10,0.82,5.56,False,2018-11-28 10:00:00
40.06,North End,0.81,999.9,0.0,2018-12-17 20:45:01,0.74,9.33,False,2018-12-17 20:00:00
42.73,South Station,0.9,1018.83,0.007,2018-12-16 16:45:07,0.73,9.71,True,2018-12-16 16:00:00
28.72,West End,0.28,1021.47,0.0,2018-12-10 02:40:57,0.6,5.19,False,2018-12-10 02:00:00
29.85,Fenway,0.76,1035.03,0.0,2018-12-14 01:45:02,0.69,2.36,False,2018-12-14 01:00:00
41.88,Financial District,0.52,1003.93,0.0,2018-12-04 04:52:54,0.63,8.07,False,2018-12-04 04:00:00
45.0,Back Bay,1.0,1012.21,0.003,2018-12-02 15:52:54,0.94,6.13,True,2018-12-02 15:00:00
38.97,Boston University,0.29,1005.75,0.0,2018-11-29 12:52:59,0.63,10.25,False,2018-11-29 12:00:00
34.57,Boston University,1.0,1003.72,0.0029,2018-12-17 11:45:02,0.92,8.93,True,2018-12-17 11:00:00
39.52,Back Bay,0.27,991.75,0.0,2018-11-28 15:02:08,0.65,8.19,False,2018-11-28 15:00:00
35.67,Boston University,0.19,1023.76,0.0,2018-12-02 01:52:54,0.81,1.33,False,2018-12-02 01:00:00
33.58,Financial District,0.14,991.2,0.0,2018-11-28 10:06:24,0.82,5.71,False,2018-11-28 10:00:00
44.85,Haymarket Square,0.99,989.76,0.0,2018-11-27 11:15:20,0.96,3.49,False,2018-11-27 11:00:00
43.65,North End,1.0,1014.16,0.009,2018-12-02 14:52:54,0.94,6.78,True,2018-12-02 14:00:00
46.08,Financial District,0.99,990.88,0.008,2018-11-27 10:45:20,0.93,6.47,True,2018-11-27 10:00:00
41.96,West End,0.87,1021.58,0.0,2018-12-16 14:45:02,0.71,7.29,False,2018-12-16 14:00:00
37.67,North End,0.54,1023.02,0.0,2018-12-01 14:52:54,0.67,4.9,False,2018-12-01 14:00:00
36.84,North Station,0.64,991.55,0.0,2018-11-28 13:02:07,0.7,6.56,False,2018-11-28 13:00:00
40.55,North End,1.0,1014.19,0.0,2018-11-26 06:16:45,0.91,1.28,False,2018-11-26 06:00:00
38.53,Boston University,0.55,997.81,0.0,2018-11-29 01:59:51,0.7,10.03,False,2018-11-29 01:00:00
43.85,West End,0.5,1031.42,0.0,2018-12-14 17:45:02,0.61,3.77,False,2018-12-14 17:00:00
38.5,Theatre District,0.17,1017.58,0.0,2018-11-30 15:52:54,0.67,2.96,False,2018-11-30 15:00:00
46.35,Beacon Hill,1.0,1010.17,0.0,2018-12-02 16:52:54,0.94,7.04,False,2018-12-02 16:00:00
44.22,Northeastern University,0.58,1006.86,0.0,2018-11-29 16:52:54,0.53,11.43,False,2018-11-29 16:00:00
41.48,Fenway,0.85,991.69,0.0,2018-11-28 17:32:07,0.63,9.88,False,2018-11-28 17:00:00
40.68,Back Bay,0.93,1013.74,0.0,2018-11-26 05:02:58,0.92,3.0,False,2018-11-26 05:00:00
38.23,Northeastern University,0.63,997.41,0.0,2018-11-29 01:19:44,0.72,10.24,False,2018-11-29 01:00:00
44.56,Back Bay,0.99,990.78,0.0213,2018-11-27 10:15:20,0.96,5.87,True,2018-11-27 10:00:00
41.11,Northeastern University,1.0,989.83,0.0,2018-11-27 15:45:20,0.86,9.26,False,2018-11-27 15:00:00
40.09,Northeastern University,1.0,1016.03,0.0,2018-11-30 19:52:54,0.61,4.27,False,2018-11-30 19:00:00
45.49,West End,0.95,1022.18,0.0,2018-12-15 12:45:01,0.91,4.15,False,2018-12-15 12:00:00
40.32,Northeastern University,0.86,1014.17,0.0,2018-11-26 04:41:37,0.94,2.62,False,2018-11-26 04:00:00
40.91,Beacon Hill,0.11,1006.2,0.003,2018-11-29 13:52:54,0.6,10.46,True,2018-11-29 13:00:00
41.4,Back Bay,0.47,1022.56,0.0,2018-12-01 16:52:54,0.58,2.26,False,2018-12-01 16:00:00
45.38,Boston University,0.98,1010.03,0.0,2018-11-26 20:05:08,0.83,8.04,False,2018-11-26 20:00:00
32.79,South Station,0.59,1034.09,0.0,2018-12-13 20:45:01,0.6,1.48,False,2018-12-13 20:00:00
33.57,Boston University,0.14,991.2,0.0,2018-11-28 10:03:56,0.82,5.51,False,2018-11-28 10:00:00
29.37,Beacon Hill,0.04,1015.92,0.0,2018-11-30 10:52:54,0.86,3.29,False,2018-11-30 10:00:00
45.82,Financial District,1.0,1022.35,0.0,2018-12-15 06:45:01,0.89,6.24,False,2018-12-15 06:00:00
38.99,North End,0.29,1005.71,0.0,2018-11-29 12:52:54,0.63,10.43,False,2018-11-29 12:00:00
37.82,North Station,0.37,998.28,0.0,2018-11-29 02:37:52,0.72,10.53,False,2018-11-29 02:00:00
44.82,South Station,0.92,1000.95,0.0,2018-12-03 05:52:54,0.95,2.22,False,2018-12-03 05:00:00
42.92,North End,0.95,1015.02,0.0,2018-12-16 19:45:01,0.73,9.93,False,2018-12-16 19:00:00
30.04,Haymarket Square,0.59,1035.11,0.0,2018-12-14 02:45:01,0.69,1.97,False,2018-12-14 02:00:00
33.07,Northeastern University,0.4,991.99,0.0,2018-11-28 09:43:15,0.85,6.76,False,2018-11-28 09:00:00
44.27,South Station,0.72,1006.79,0.0,2018-11-29 17:52:54,0.52,11.21,False,2018-11-29 17:00:00
39.31,Theatre District,0.44,1022.79,0.0,2018-12-16 07:45:01,0.74,7.28,False,2018-12-16 07:00:00
45.27,Financial District,1.0,1009.11,0.0,2018-11-26 21:05:10,0.83,9.34,False,2018-11-26 21:00:00
39.77,West End,0.56,1023.46,0.0,2018-12-01 21:52:54,0.65,2.63,False,2018-12-01 21:00:00
36.35,North End,1.0,1004.02,0.0,2018-12-17 09:45:01,0.93,9.83,False,2018-12-17 09:00:00
37.72,Back Bay,0.41,998.44,0.0,2018-11-29 03:19:00,0.71,11.04,False,2018-11-29 03:00:00
39.07,Fenway,0.44,1022.78,0.0,2018-12-16 07:45:01,0.75,7.08,False,2018-12-16 07:00:00
27.08,Back Bay,0.22,1034.02,0.0,2018-12-14 10:45:06,0.8,3.03,False,2018-12-14 10:00:00
41.13,Theatre District,0.17,1009.57,0.0,2018-11-29 21:52:54,0.58,8.93,False,2018-11-29 21:00:00
41.4,Back Bay,0.9,989.88,0.0,2018-11-27 17:45:20,0.78,10.72,False,2018-11-27 17:00:00
51.97,Theatre District,0.91,1021.29,0.0,2018-12-15 18:45:02,0.73,5.56,False,2018-12-15 18:00:00
34.78,West End,0.5,991.81,0.0,2018-11-28 08:14:44,0.8,5.95,False,2018-11-28 08:00:00
40.15,Fenway,0.91,1013.79,0.0,2018-11-26 05:29:18,0.94,2.67,False,2018-11-26 05:00:00
29.81,Boston University,0.69,1034.98,0.0,2018-12-14 03:45:01,0.7,1.87,False,2018-12-14 03:00:00
23.13,Haymarket Square,0.05,1027.52,0.0,2018-12-13 04:24:57,0.47,4.22,False,2018-12-13 04:00:00
46.39,Financial District,0.97,1010.98,0.0,2018-11-26 19:05:10,0.82,8.01,False,2018-11-26 19:00:00
40.7,Northeastern University,1.0,1014.73,0.0,2018-11-26 09:35:10,0.94,0.58,False,2018-11-26 09:00:00
38.65,Boston University,0.68,997.26,0.0,2018-11-29 01:09:23,0.71,9.92,False,2018-11-29 01:00:00
37.46,Haymarket Square,0.04,1012.02,0.0,2018-11-30 01:52:54,0.66,8.0,False,2018-11-30 01:00:00
41.31,South Station,0.93,993.45,0.0,2018-11-28 21:02:08,0.63,8.55,False,2018-11-28 21:00:00
37.57,Beacon Hill,0.5,998.74,0.0,2018-11-29 04:32:07,0.71,9.96,False,2018-11-29 04:00:00
32.62,Northeastern University,0.16,991.43,0.0,2018-11-28 10:32:07,0.86,6.36,False,2018-11-28 10:00:00
40.01,Back Bay,0.95,1000.9,0.0,2018-12-17 17:45:01,0.81,6.46,False,2018-12-17 17:00:00
36.29,Haymarket Square,0.29,1001.75,0.0,2018-12-18 02:45:01,0.69,10.06,False,2018-12-18 02:00:00
43.86,North End,1.0,997.49,0.013,2018-11-27 06:15:20,0.91,11.46,True,2018-11-27 06:00:00
45.0,Theatre District,0.96,989.74,0.0,2018-11-27 11:45:20,0.97,3.42,False,2018-11-27 11:00:00
44.26,Haymarket Square,1.0,1004.48,0.7625,2018-11-27 01:45:22,0.9,13.4,True,2018-11-27 01:00:00
41.64,Northeastern University,0.93,1015.4,0.0,2018-11-26 13:05:08,0.91,3.44,False,2018-11-26 13:00:00
44.67,West End,1.0,999.78,0.0143,2018-11-27 04:15:20,0.9,15.24,True,2018-11-27 04:00:00
41.62,North Station,0.91,1025.09,0.0,2018-12-15 02:45:01,0.88,5.98,False,2018-12-15 02:00:00
33.25,North End,0.37,990.64,0.0,2018-11-28 11:02:07,0.82,6.55,False,2018-11-28 11:00:00
39.93,Fenway,0.72,1000.27,0.0,2018-12-17 21:45:02,0.7,9.02,False,2018-12-17 21:00:00
32.53,Beacon Hill,0.0,1014.52,0.0,2018-11-30 06:52:54,0.77,4.03,False,2018-11-30 06:00:00
40.51,Financial District,1.0,1014.18,0.0,2018-11-26 06:16:45,0.92,1.28,False,2018-11-26 06:00:00
45.47,Financial District,0.92,1001.11,0.0,2018-12-03 08:52:54,0.94,2.86,False,2018-12-03 08:00:00
42.47,Financial District,0.93,1028.3,0.0,2018-12-14 22:45:01,0.72,5.06,False,2018-12-14 22:00:00
49.48,Back Bay,0.88,1000.11,0.0044,2018-12-03 12:52:54,0.92,4.49,True,2018-12-03 12:00:00
38.44,Boston University,0.18,1017.58,0.0,2018-11-30 15:52:54,0.67,2.97,False,2018-11-30 15:00:00
38.41,Back Bay,0.6,997.47,0.0,2018-11-29 01:24:43,0.71,10.36,False,2018-11-29 01:00:00
42.01,Financial District,0.53,991.61,0.0,2018-11-27 22:15:20,0.69,10.18,False,2018-11-27 22:00:00
34.13,South Station,0.42,991.8,0.0,2018-11-28 09:32:11,0.81,5.95,False,2018-11-28 09:00:00
42.3,Haymarket Square,0.89,1015.01,0.0052,2018-11-26 13:35:10,0.91,3.66,True,2018-11-26 13:00:00
30.84,West End,0.2,1022.79,0.0,2018-12-09 23:08:23,0.57,5.57,False,2018-12-09 23:00:00
39.45,Northeastern University,0.23,991.75,0.0,2018-11-27 23:15:20,0.72,8.9,False,2018-11-27 23:00:00
39.69,Financial District,0.94,1015.35,0.0,2018-11-26 11:35:08,0.95,2.37,False,2018-11-26 11:00:00
37.52,Fenway,0.57,998.48,0.0,2018-11-29 04:09:17,0.71,9.38,False,2018-11-29 04:00:00
29.38,South Station,0.6,1034.77,0.0,2018-12-14 05:45:02,0.74,1.45,False,2018-12-14 05:00:00
33.54,West End,0.74,1018.84,0.0,2018-12-01 05:52:54,0.79,3.27,False,2018-12-01 05:00:00
40.85,Haymarket Square,0.97,989.77,0.0,2018-11-27 16:45:20,0.84,10.02,False,2018-11-27 16:00:00
38.74,Fenway,0.75,996.99,0.0,2018-11-29 00:51:44,0.7,9.63,False,2018-11-29 00:00:00
40.33,Northeastern University,1.0,1014.14,0.0,2018-11-26 05:49:58,0.91,0.68,False,2018-11-26 05:00:00
43.39,Northeastern University,1.0,996.33,0.01,2018-11-27 07:15:20,0.91,10.76,True,2018-11-27 07:00:00
28.32,West End,0.97,1005.3,0.0,2018-12-18 08:45:01,0.56,15.55,False,2018-12-18 08:00:00
41.48,North End,1.0,1016.49,0.0313,2018-12-02 12:52:54,0.92,8.62,True,2018-12-02 12:00:00
41.66,South Station,0.92,1015.39,0.0,2018-11-26 13:05:08,0.91,3.49,False,2018-11-26 13:00:00
37.23,Northeastern University,1.0,1004.84,0.0,2018-12-17 08:45:01,0.93,10.7,False,2018-12-17 08:00:00
33.15,Northeastern University,0.42,991.83,0.0,2018-11-28 09:34:34,0.85,5.93,False,2018-11-28 09:00:00
33.45,Back Bay,0.14,991.19,0.0,2018-11-28 10:03:56,0.83,5.59,False,2018-11-28 10:00:00
39.92,North End,0.11,1022.78,0.0,2018-12-01 15:53:04,0.61,3.37,False,2018-12-01 15:00:00
30.0,North Station,1.0,1003.15,0.0,2018-12-18 07:45:01,0.59,13.09,False,2018-12-18 07:00:00
40.17,Northeastern University,0.94,1000.91,0.0,2018-12-17 17:45:01,0.8,6.49,False,2018-12-17 17:00:00
41.09,Fenway,0.94,993.48,0.0,2018-11-28 21:02:08,0.63,8.39,False,2018-11-28 21:00:00
23.21,Financial District,0.04,1027.51,0.0,2018-12-13 04:24:57,0.47,4.23,False,2018-12-13 04:00:00
40.51,North Station,1.0,1014.18,0.0,2018-11-26 06:24:05,0.92,1.35,False,2018-11-26 06:00:00
44.8,Financial District,0.92,1000.95,0.0,2018-12-03 05:52:54,0.95,2.23,False,2018-12-03 05:00:00
34.9,Boston University,0.15,991.56,0.0,2018-11-28 07:24:05,0.79,6.31,False,2018-11-28 07:00:00
45.2,North End,0.84,1013.56,0.0,2018-11-26 16:35:08,0.87,5.95,False,2018-11-26 16:00:00
41.71,Financial District,1.0,1014.58,0.0,2018-11-26 09:05:10,0.9,1.74,False,2018-11-26 09:00:00
42.72,Theatre District,0.18,1023.04,0.0,2018-12-16 00:45:01,0.71,6.47,False,2018-12-16 00:00:00
46.28,Theatre District,1.0,1010.16,0.0,2018-12-02 16:52:54,0.95,7.08,False,2018-12-02 16:00:00
19.62,Boston University,0.39,1030.72,0.0,2018-12-13 09:45:01,0.64,3.7,False,2018-12-13 09:00:00
35.35,Theatre District,0.24,991.57,0.0,2018-11-28 06:34:29,0.79,6.64,False,2018-11-28 06:00:00
42.3,Haymarket Square,0.55,991.83,0.0,2018-11-27 21:15:20,0.71,9.14,False,2018-11-27 21:00:00
41.01,Back Bay,0.65,1023.18,0.0,2018-12-01 20:52:54,0.63,1.79,False,2018-12-01 20:00:00
38.19,South Station,0.61,1000.56,0.0,2018-11-29 06:38:49,0.69,10.53,False,2018-11-29 06:00:00
40.01,Boston University,0.85,1022.52,0.0,2018-12-16 12:45:02,0.75,7.21,False,2018-12-16 12:00:00
37.24,Northeastern University,0.49,998.77,0.0,2018-11-29 04:32:00,0.72,9.9,False,2018-11-29 04:00:00
35.66,Financial District,0.14,991.56,0.0,2018-11-28 07:25:54,0.77,6.57,False,2018-11-28 07:00:00
51.84,Theatre District,0.67,999.97,0.0,2018-12-03 19:52:54,0.53,8.07,False,2018-12-03 19:00:00
38.64,Back Bay,0.67,997.24,0.0,2018-11-29 01:09:23,0.71,10.04,False,2018-11-29 01:00:00
50.35,North Station,1.0,1004.05,0.0,2018-12-02 19:53:05,0.93,2.43,False,2018-12-02 19:00:00
37.33,Northeastern University,0.62,1000.59,0.0,2018-11-29 06:38:30,0.71,10.38,False,2018-11-29 06:00:00
49.38,Haymarket Square,0.89,1000.1,0.0114,2018-12-03 12:52:54,0.92,4.49,True,2018-12-03 12:00:00
41.18,North End,0.97,1014.35,0.0,2018-11-26 07:11:17,0.92,1.83,False,2018-11-26 07:00:00
39.68,Boston University,0.55,1004.46,0.0,2018-12-04 05:52:54,0.64,7.95,False,2018-12-04 05:00:00
40.31,South Station,0.22,991.71,0.0,2018-11-27 23:15:20,0.7,9.15,False,2018-11-27 23:00:00
28.86,South Station,0.27,1021.49,0.0,2018-12-10 02:39:11,0.6,5.18,False,2018-12-10 02:00:00
43.74,West End,0.99,1002.59,0.1033,2018-11-27 02:45:20,0.9,11.47,True,2018-11-27 02:00:00
33.17,West End,0.13,991.16,0.0,2018-11-28 10:00:09,0.84,5.51,False,2018-11-28 10:00:00
40.63,Boston University,0.83,994.1,0.0,2018-11-28 22:02:09,0.63,9.16,False,2018-11-28 22:00:00
41.4,North End,0.85,991.66,0.0,2018-11-28 17:32:07,0.64,9.93,False,2018-11-28 17:00:00
43.9,Fenway,1.0,1006.34,0.0393,2018-11-27 00:12:13,0.9,9.31,True,2018-11-27 00:00:00
47.27,South Station,0.05,1002.17,0.0,2018-12-03 23:52:54,0.55,8.85,False,2018-12-03 23:00:00
36.99,Financial District,0.64,991.56,0.0,2018-11-28 13:02:07,0.7,6.66,False,2018-11-28 13:00:00
44.08,Fenway,0.99,1001.45,0.241,2018-11-27 03:15:20,0.89,11.85,True,2018-11-27 03:00:00
41.54,Fenway,0.53,1003.94,0.0,2018-12-04 04:52:54,0.64,7.87,False,2018-12-04 04:00:00
34.93,Haymarket Square,0.14,991.55,0.0,2018-11-28 07:25:54,0.79,6.54,False,2018-11-28 07:00:00
37.71,West End,0.95,1017.5,0.0,2018-11-30 23:52:54,0.67,3.74,False,2018-11-30 23:00:00
29.82,Theatre District,0.71,1035.07,0.0,2018-12-14 04:45:01,0.72,1.61,False,2018-12-14 04:00:00
43.87,Fenway,0.99,1005.25,0.1231,2018-11-27 01:18:34,0.91,11.15,True,2018-11-27 01:00:00
36.37,Financial District,0.91,1003.97,0.0,2018-12-17 14:45:01,0.89,6.91,False,2018-12-17 14:00:00
42.13,North End,0.89,1012.51,0.0391,2018-12-16 22:45:01,0.77,11.09,True,2018-12-16 22:00:00
42.47,Boston University,0.49,1023.05,0.0,2018-12-01 17:52:54,0.56,1.04,False,2018-12-01 17:00:00
44.51,Beacon Hill,1.0,1008.4,0.035,2018-11-26 23:12:14,0.88,9.49,True,2018-11-26 23:00:00
39.91,Financial District,0.56,1004.45,0.0,2018-12-04 05:52:54,0.63,8.2,False,2018-12-04 05:00:00
41.13,Back Bay,0.98,1014.34,0.0,2018-11-26 06:49:04,0.92,1.8,False,2018-11-26 06:00:00
41.09,Beacon Hill,0.98,1014.35,0.0,2018-11-26 06:50:30,0.92,1.81,False,2018-11-26 06:00:00
35.83,Financial District,0.15,991.76,0.0,2018-11-28 07:31:37,0.77,6.67,False,2018-11-28 07:00:00
40.0,Theatre District,0.27,991.58,0.0,2018-11-27 22:45:20,0.71,8.39,False,2018-11-27 22:00:00
21.41,Fenway,0.2,1033.72,0.0,2018-12-13 13:45:01,0.6,2.86,False,2018-12-13 13:00:00
38.49,West End,0.48,991.68,0.0,2018-11-28 14:06:22,0.67,11.36,False,2018-11-28 14:00:00
32.75,North End,0.51,1033.75,0.0,2018-12-13 19:45:01,0.57,1.9,False,2018-12-13 19:00:00
40.36,Back Bay,1.0,1010.94,0.021,2018-12-17 01:45:01,0.9,10.43,True,2018-12-17 01:00:00
33.54,Back Bay,0.42,991.75,0.0,2018-11-28 09:32:18,0.83,5.9,False,2018-11-28 09:00:00
40.66,Boston University,0.86,1014.17,0.0,2018-11-26 04:41:37,0.92,2.57,False,2018-11-26 04:00:00
50.77,North End,0.7,1000.21,0.0,2018-12-03 20:52:54,0.56,6.86,False,2018-12-03 20:00:00
37.37,West End,0.5,998.74,0.0,2018-11-29 04:32:07,0.72,9.97,False,2018-11-29 04:00:00
38.65,South Station,0.5,997.93,0.002,2018-11-29 02:09:19,0.7,10.51,True,2018-11-29 02:00:00
38.78,Fenway,0.19,1010.78,0.0,2018-11-29 23:52:54,0.62,8.08,False,2018-11-29 23:00:00
40.41,Haymarket Square,0.92,1013.8,0.0,2018-11-26 05:28:05,0.93,2.7,False,2018-11-26 05:00:00
22.91,West End,0.06,1027.48,0.0,2018-12-13 04:45:03,0.49,4.75,False,2018-12-13 04:00:00
45.03,Financial District,0.97,1005.92,0.2215,2018-11-27 00:42:27,0.87,11.26,True,2018-11-27 00:00:00
38.41,Beacon Hill,0.51,997.9,0.0006,2018-11-29 02:07:18,0.7,10.35,True,2018-11-29 02:00:00
50.88,Northeastern University,1.0,1003.27,0.0,2018-12-02 21:52:54,0.94,3.84,False,2018-12-02 21:00:00
40.68,Beacon Hill,0.94,1013.76,0.0,2018-11-26 04:55:42,0.92,2.8,False,2018-11-26 04:00:00
34.9,North End,0.83,1001.64,0.028,2018-12-18 05:45:01,0.64,12.44,True,2018-12-18 05:00:00
40.64,Haymarket Square,0.82,999.95,0.0,2018-12-17 19:45:01,0.77,8.92,False,2018-12-17 19:00:00
20.13,Boston University,0.45,1031.72,0.0,2018-12-13 11:45:01,0.62,2.73,False,2018-12-13 11:00:00
40.5,North End,0.84,1022.48,0.0,2018-12-16 12:45:01,0.73,7.64,False,2018-12-16 12:00:00
40.77,Fenway,0.85,993.99,0.0,2018-11-28 21:53:39,0.63,9.1,False,2018-11-28 21:00:00
39.05,South Station,0.11,1022.78,0.0,2018-12-01 15:53:03,0.63,3.35,False,2018-12-01 15:00:00
51.84,West End,0.67,999.96,0.0,2018-12-03 19:52:54,0.53,8.07,False,2018-12-03 19:00:00
47.33,Back Bay,1.0,1007.49,0.007,2018-12-02 17:52:54,0.96,4.96,True,2018-12-02 17:00:00
38.8,Back Bay,0.75,996.87,0.0,2018-11-29 00:53:38,0.7,9.76,False,2018-11-29 00:00:00
41.27,Back Bay,0.27,1032.07,0.0,2018-12-14 16:45:02,0.66,4.26,False,2018-12-14 16:00:00
44.82,South Station,0.99,1005.37,0.2591,2018-11-27 01:17:21,0.88,11.29,True,2018-11-27 01:00:00
44.69,Haymarket Square,1.0,1009.14,0.0038,2018-11-26 22:45:10,0.87,8.32,True,2018-11-26 22:00:00
44.9,Theatre District,0.99,1008.4,0.0065,2018-11-26 22:05:09,0.87,7.58,True,2018-11-26 22:00:00
36.88,Back Bay,0.64,991.57,0.0,2018-11-28 13:02:07,0.7,6.47,False,2018-11-28 13:00:00
40.23,Beacon Hill,1.0,1016.03,0.0,2018-11-30 19:52:54,0.61,3.93,False,2018-11-30 19:00:00
45.31,Financial District,0.91,1009.03,0.0003,2018-11-26 21:35:08,0.83,9.5,True,2018-11-26 21:00:00
40.54,West End,0.93,1013.77,0.0,2018-11-26 05:14:01,0.92,2.96,False,2018-11-26 05:00:00
40.96,North End,0.63,1023.18,0.0,2018-12-01 20:52:54,0.63,1.77,False,2018-12-01 20:00:00
39.48,West End,0.14,992.11,0.0,2018-11-27 23:45:20,0.71,8.26,False,2018-11-27 23:00:00
38.37,North End,0.59,997.43,0.0,2018-11-29 01:24:44,0.71,10.44,False,2018-11-29 01:00:00
45.14,North Station,1.0,1022.35,0.0,2018-12-15 06:45:01,0.91,6.26,False,2018-12-15 06:00:00
47.54,Theatre District,0.98,1000.28,0.0,2018-12-03 11:52:54,0.92,3.56,False,2018-12-03 11:00:00
40.25,North Station,1.0,1010.98,0.025,2018-12-17 01:45:01,0.9,10.5,True,2018-12-17 01:00:00
41.34,Financial District,0.36,1009.55,0.0,2018-11-29 21:32:31,0.58,10.21,False,2018-11-29 21:00:00
27.27,Beacon Hill,0.15,1033.4,0.0,2018-12-14 11:45:01,0.81,2.99,False,2018-12-14 11:00:00
44.41,West End,0.19,1029.99,0.0,2018-12-14 18:45:01,0.61,3.39,False,2018-12-14 18:00:00
42.47,Back Bay,0.58,1007.66,0.0,2018-11-29 19:52:54,0.54,10.66,False,2018-11-29 19:00:00
42.45,South Station,0.45,1022.63,0.0,2018-12-01 18:52:54,0.57,0.97,False,2018-12-01 18:00:00
37.97,Boston University,0.55,991.85,0.0,2018-11-28 13:32:07,0.69,6.41,False,2018-11-28 13:00:00
40.59,South Station,0.73,1000.22,0.0,2018-12-17 21:45:01,0.68,9.22,False,2018-12-17 21:00:00
45.03,North End,1.0,1012.22,0.003,2018-12-02 15:52:54,0.94,6.4,True,2018-12-02 15:00:00
24.59,Financial District,0.08,1026.8,0.0,2018-12-13 03:24:59,0.45,5.36,False,2018-12-13 03:00:00
33.26,Northeastern University,0.39,990.69,0.0,2018-11-28 11:06:24,0.82,6.55,False,2018-11-28 11:00:00
29.94,Beacon Hill,0.72,1035.07,0.0,2018-12-14 04:45:02,0.71,1.6,False,2018-12-14 04:00:00
41.18,Back Bay,0.89,1026.16,0.0,2018-12-15 01:45:01,0.85,5.17,False,2018-12-15 01:00:00
49.65,Theatre District,0.62,1020.99,0.0,2018-12-15 19:45:02,0.72,4.71,False,2018-12-15 19:00:00
34.77,Beacon Hill,0.5,991.81,0.0,2018-11-28 08:14:43,0.8,5.94,False,2018-11-28 08:00:00
38.85,Fenway,1.0,1008.34,0.0,2018-12-17 03:45:01,0.93,11.29,False,2018-12-17 03:00:00
36.8,West End,0.64,991.56,0.0,2018-11-28 13:02:07,0.7,6.54,False,2018-11-28 13:00:00
33.12,Theatre District,0.35,991.05,0.0,2018-11-28 11:32:07,0.82,6.54,False,2018-11-28 11:00:00
41.47,Fenway,0.91,989.9,0.0,2018-11-27 17:45:20,0.78,10.67,False,2018-11-27 17:00:00
29.82,Fenway,0.04,1016.53,0.0,2018-11-30 11:52:54,0.84,3.16,False,2018-11-30 11:00:00
33.12,Fenway,0.4,990.69,0.0,2018-11-28 11:06:24,0.82,6.52,False,2018-11-28 11:00:00
36.7,South Station,0.9,1022.66,0.0,2018-12-02 04:52:54,0.84,1.03,False,2018-12-02 04:00:00
36.09,Financial District,0.95,1017.5,0.0,2018-11-30 23:52:54,0.71,3.72,False,2018-11-30 23:00:00
33.47,Beacon Hill,0.42,991.75,0.0,2018-11-28 09:34:34,0.83,5.98,False,2018-11-28 09:00:00
39.0,Fenway,0.39,1022.4,0.0,2018-12-16 08:45:01,0.75,7.96,False,2018-12-16 08:00:00
33.22,West End,0.41,991.8,0.0,2018-11-28 09:34:34,0.84,5.96,False,2018-11-28 09:00:00
41.38,North End,0.53,991.6,0.0,2018-11-27 22:15:20,0.7,10.19,False,2018-11-27 22:00:00
44.12,Theatre District,0.57,1006.85,0.0,2018-11-29 16:52:54,0.53,11.6,False,2018-11-29 16:00:00
41.02,Fenway,0.44,1009.27,0.0,2018-11-29 21:18:20,0.58,10.02,False,2018-11-29 21:00:00
39.59,North Station,0.26,991.73,0.0,2018-11-28 15:02:08,0.65,8.16,False,2018-11-28 15:00:00
24.16,Boston University,0.5,1008.83,0.0,2018-12-18 12:45:01,0.5,14.7,False,2018-12-18 12:00:00
43.11,Boston University,0.4,1007.4,0.0,2018-11-29 18:52:54,0.53,11.09,False,2018-11-29 18:00:00
45.64,Fenway,1.0,1012.46,0.0,2018-11-26 17:35:10,0.85,6.44,False,2018-11-26 17:00:00
34.93,North End,0.13,991.57,0.0,2018-11-28 07:28:59,0.79,6.61,False,2018-11-28 07:00:00
40.43,South Station,0.87,1014.17,0.0,2018-11-26 04:41:36,0.94,2.61,False,2018-11-26 04:00:00
38.07,Financial District,0.77,996.78,0.0,2018-11-29 00:37:34,0.7,11.11,False,2018-11-29 00:00:00
43.34,Financial District,0.37,1007.39,0.0,2018-11-29 18:52:54,0.53,11.32,False,2018-11-29 18:00:00
44.57,Back Bay,0.97,1007.93,0.0092,2018-11-26 22:42:25,0.88,9.6,True,2018-11-26 22:00:00
35.75,Theatre District,0.91,1003.48,0.0,2018-12-17 13:45:01,0.9,7.39,False,2018-12-17 13:00:00
36.65,Back Bay,0.91,1022.66,0.0,2018-12-02 04:52:54,0.84,1.07,False,2018-12-02 04:00:00
55.32,North Station,0.48,999.23,0.0,2018-12-03 16:52:54,0.68,16.27,False,2018-12-03 16:00:00
35.74,North Station,0.78,1001.88,0.0,2018-12-18 04:45:01,0.66,10.89,False,2018-12-18 04:00:00
40.33,Financial District,0.92,1013.8,0.0,2018-11-26 05:29:19,0.94,2.79,False,2018-11-26 05:00:00
34.95,North End,0.51,991.75,0.0,2018-11-28 08:08:35,0.79,5.86,False,2018-11-28 08:00:00
51.09,West End,1.0,1003.1,0.0,2018-12-02 20:52:54,0.93,3.62,False,2018-12-02 20:00:00
39.88,Financial District,0.42,998.64,0.0,2018-11-29 03:32:09,0.65,11.35,False,2018-11-29 03:00:00
39.27,Theatre District,1.0,1016.92,0.0,2018-11-30 20:52:54,0.64,3.64,False,2018-11-30 20:00:00
38.85,Beacon Hill,1.0,1005.54,0.0,2018-12-17 06:45:01,0.9,11.01,False,2018-12-17 06:00:00
33.61,Boston University,0.42,991.76,0.0,2018-11-28 09:32:11,0.83,5.81,False,2018-11-28 09:00:00
29.85,West End,0.59,1035.12,0.0,2018-12-14 02:45:02,0.7,1.94,False,2018-12-14 02:00:00
34.08,Boston University,0.52,991.63,0.0,2018-11-28 08:54:56,0.81,4.85,False,2018-11-28 08:00:00
50.51,Beacon Hill,1.0,1002.87,0.0,2018-12-02 22:52:54,0.92,4.02,False,2018-12-02 22:00:00
44.83,North Station,0.99,989.76,0.0,2018-11-27 11:15:20,0.96,3.48,False,2018-11-27 11:00:00
44.06,North End,0.57,1006.84,0.0,2018-11-29 16:52:54,0.53,11.7,False,2018-11-29 16:00:00
38.55,Beacon Hill,0.75,996.82,0.0,2018-11-29 00:39:28,0.69,11.05,False,2018-11-29 00:00:00
35.1,North Station,0.56,991.68,0.0,2018-11-28 07:56:39,0.79,5.62,False,2018-11-28 07:00:00
33.25,Haymarket Square,0.13,991.17,0.0,2018-11-28 10:02:11,0.83,5.58,False,2018-11-28 10:00:00
43.43,Theatre District,1.0,995.01,0.0063,2018-11-27 08:15:20,0.93,10.1,True,2018-11-27 08:00:00
37.28,Financial District,0.17,1017.58,0.0,2018-11-30 15:52:54,0.71,2.95,False,2018-11-30 15:00:00
34.52,Fenway,0.99,1003.72,0.0,2018-12-17 12:45:01,0.92,7.64,False,2018-12-17 12:00:00
29.71,Theatre District,0.03,1015.52,0.0,2018-11-30 09:52:54,0.85,3.3,False,2018-11-30 09:00:00
43.27,Theatre District,0.93,1015.07,0.0,2018-12-16 19:45:02,0.73,10.17,False,2018-12-16 19:00:00
41.56,Beacon Hill,0.52,1003.94,0.0,2018-12-04 04:52:54,0.64,8.04,False,2018-12-04 04:00:00
32.88,Boston University,0.37,991.06,0.0,2018-11-28 11:32:07,0.83,6.38,False,2018-11-28 11:00:00
40.16,North Station,0.94,1015.35,0.0,2018-11-26 11:35:08,0.95,2.36,False,2018-11-26 11:00:00
40.04,Fenway,0.12,1022.78,0.0,2018-12-01 15:53:00,0.61,3.28,False,2018-12-01 15:00:00
41.19,South Station,0.93,989.9,0.0,2018-11-27 17:15:20,0.81,11.04,False,2018-11-27 17:00:00
39.56,West End,0.95,1000.87,0.0,2018-12-17 17:45:01,0.81,6.49,False,2018-12-17 17:00:00
33.46,Fenway,0.13,991.22,0.0,2018-11-28 09:50:11,0.83,5.34,False,2018-11-28 09:00:00
38.03,Boston University,0.81,1000.95,0.0,2018-11-29 07:52:54,0.69,9.77,False,2018-11-29 07:00:00
36.85,Financial District,0.71,997.12,0.0,2018-11-29 01:02:08,0.76,10.0,False,2018-11-29 01:00:00
30.57,North End,0.0,1015.05,0.0,2018-11-30 07:52:54,0.83,2.5,False,2018-11-30 07:00:00
42.29,Back Bay,0.84,1020.07,0.0,2018-12-16 15:45:01,0.72,9.8,False,2018-12-16 15:00:00
37.79,North Station,0.46,998.99,0.0,2018-11-29 04:57:39,0.7,9.7,False,2018-11-29 04:00:00
54.28,North End,0.65,999.31,0.0,2018-12-03 17:52:54,0.63,13.5,False,2018-12-03 17:00:00
43.92,South Station,1.0,995.01,0.006,2018-11-27 08:15:20,0.91,10.14,True,2018-11-27 08:00:00
34.93,North Station,0.14,991.53,0.0,2018-11-28 07:24:05,0.79,6.48,False,2018-11-28 07:00:00
40.53,Northeastern University,0.99,1014.85,0.0,2018-11-26 10:35:10,0.95,1.9,False,2018-11-26 10:00:00
42.49,Haymarket Square,1.0,1013.99,0.003,2018-12-16 20:45:01,0.74,9.92,True,2018-12-16 20:00:00
33.45,South Station,0.69,1019.04,0.0,2018-12-01 06:52:54,0.79,3.93,False,2018-12-01 06:00:00
40.35,Boston University,1.0,1014.17,0.0,2018-11-26 06:15:44,0.91,1.09,False,2018-11-26 06:00:00
38.11,South Station,0.98,1000.16,0.0,2018-11-29 06:48:52,0.69,10.06,False,2018-11-29 06:00:00
41.95,Fenway,0.89,1015.02,0.0,2018-11-26 13:35:10,0.92,3.58,False,2018-11-26 13:00:00
41.93,North End,0.64,991.43,0.0,2018-11-27 21:45:20,0.69,9.6,False,2018-11-27 21:00:00
42.71,Boston University,0.9,1014.55,0.0017,2018-11-26 14:35:08,0.91,3.56,True,2018-11-26 14:00:00
38.48,Back Bay,0.62,997.39,0.0,2018-11-29 01:19:44,0.71,10.26,False,2018-11-29 01:00:00
38.96,Theatre District,0.13,992.2,0.0,2018-11-28 00:15:20,0.73,8.88,False,2018-11-28 00:00:00
41.64,Financial District,1.0,992.57,0.0,2018-11-28 20:02:07,0.63,9.26,False,2018-11-28 20:00:00
36.17,Beacon Hill,0.58,1002.23,0.0,2018-12-18 03:45:01,0.68,9.18,False,2018-12-18 03:00:00
26.69,Theatre District,0.22,1034.04,0.0,2018-12-14 10:45:01,0.82,3.13,False,2018-12-14 10:00:00
41.34,Financial District,0.99,1018.26,0.034,2018-12-02 10:52:54,0.84,5.31,True,2018-12-02 10:00:00
43.07,Fenway,0.82,990.82,0.0,2018-11-27 19:45:20,0.72,8.28,False,2018-11-27 19:00:00
40.78,Back Bay,0.92,1013.99,0.0,2018-11-26 06:40:31,0.92,1.66,False,2018-11-26 06:00:00
43.79,Beacon Hill,0.99,1002.58,0.115,2018-11-27 02:45:20,0.89,11.42,True,2018-11-27 02:00:00
27.87,South Station,0.8,1006.05,0.0,2018-12-18 09:45:01,0.53,17.51,False,2018-12-18 09:00:00
44.93,Back Bay,0.96,989.74,0.0,2018-11-27 11:45:20,0.97,3.24,False,2018-11-27 11:00:00
40.94,North Station,1.0,991.9,0.0,2018-11-28 19:06:23,0.64,9.54,False,2018-11-28 19:00:00
26.82,Beacon Hill,0.21,1034.04,0.0,2018-12-14 10:45:01,0.81,3.12,False,2018-12-14 10:00:00
43.89,Beacon Hill,1.0,997.48,0.0127,2018-11-27 06:15:20,0.91,11.37,True,2018-11-27 06:00:00
43.97,North End,1.0,1006.29,0.0323,2018-11-27 00:17:14,0.9,10.16,True,2018-11-27 00:00:00
38.35,Beacon Hill,0.65,997.72,0.0,2018-11-29 01:40:41,0.72,10.61,False,2018-11-29 01:00:00
36.35,Fenway,0.92,1004.03,0.0,2018-12-17 14:45:01,0.89,6.91,False,2018-12-17 14:00:00
41.22,Haymarket Square,0.63,991.56,0.0,2018-11-28 16:02:08,0.62,9.89,False,2018-11-28 16:00:00
44.94,Haymarket Square,1.0,1000.76,0.163,2018-11-27 03:45:20,0.89,15.75,True,2018-11-27 03:00:00
26.55,Northeastern University,0.21,1034.04,0.0,2018-12-14 10:45:01,0.81,3.1,False,2018-12-14 10:00:00
39.5,North Station,0.23,991.69,0.0,2018-11-27 23:15:20,0.72,9.12,False,2018-11-27 23:00:00
36.68,Fenway,0.06,1003.33,0.0,2018-11-29 10:52:54,0.7,8.7,False,2018-11-29 10:00:00
41.19,Back Bay,0.94,1028.3,0.0,2018-12-14 22:45:01,0.76,5.0,False,2018-12-14 22:00:00
38.61,North End,0.26,1022.37,0.0,2018-12-16 09:45:01,0.76,7.9,False,2018-12-16 09:00:00
50.49,North Station,1.0,1002.86,0.0,2018-12-02 22:52:54,0.92,4.04,False,2018-12-02 22:00:00
26.26,Financial District,0.49,1010.12,0.0,2018-12-18 14:45:01,0.47,13.92,False,2018-12-18 14:00:00
41.35,Boston University,0.27,1032.06,0.0,2018-12-14 16:45:02,0.66,4.24,False,2018-12-14 16:00:00
50.85,South Station,0.76,999.99,0.0,2018-12-03 13:52:54,0.89,6.24,False,2018-12-03 13:00:00
38.46,Haymarket Square,0.29,1022.25,0.0,2018-12-16 09:45:01,0.76,7.68,False,2018-12-16 09:00:00
32.89,Beacon Hill,0.35,991.05,0.0,2018-11-28 11:32:07,0.83,6.52,False,2018-11-28 11:00:00
44.77,Haymarket Square,0.92,1000.95,0.0,2018-12-03 05:52:54,0.95,2.26,False,2018-12-03 05:00:00
31.19,Financial District,0.0,1012.31,0.0,2018-12-18 18:45:02,0.45,13.18,False,2018-12-18 18:00:00
37.28,West End,1.0,1004.84,0.0,2018-12-17 08:45:01,0.92,10.67,False,2018-12-17 08:00:00
35.05,West End,0.56,991.68,0.0,2018-11-28 07:57:13,0.79,5.61,False,2018-11-28 07:00:00
42.73,Haymarket Square,0.34,1029.36,0.0,2018-12-14 19:45:01,0.65,4.19,False,2018-12-14 19:00:00
39.6,West End,0.27,991.76,0.0,2018-11-28 15:06:22,0.65,8.31,False,2018-11-28 15:00:00
43.88,Back Bay,1.0,1023.58,0.0,2018-12-15 04:45:01,0.9,6.22,False,2018-12-15 04:00:00
37.68,Theatre District,0.95,1017.5,0.0,2018-11-30 23:52:54,0.67,3.76,False,2018-11-30 23:00:00
29.59,Financial District,0.05,1015.92,0.0,2018-11-30 10:52:54,0.85,3.32,False,2018-11-30 10:00:00
44.53,West End,0.99,990.79,0.0337,2018-11-27 10:15:20,0.96,6.02,True,2018-11-27 10:00:00
49.4,Boston University,0.88,1000.11,0.005,2018-12-03 12:52:54,0.92,4.45,True,2018-12-03 12:00:00
48.06,Haymarket Square,0.18,1001.43,0.0,2018-12-03 22:52:54,0.54,10.72,False,2018-12-03 22:00:00
45.8,North Station,0.97,1010.98,0.0,2018-11-26 19:05:10,0.84,8.03,False,2018-11-26 19:00:00
30.13,Theatre District,0.11,1022.19,0.0,2018-12-10 00:08:21,0.58,5.15,False,2018-12-10 00:00:00
44.1,Fenway,0.51,1031.4,0.0,2018-12-14 17:45:02,0.61,3.73,False,2018-12-14 17:00:00
29.37,South Station,0.59,1034.68,0.0,2018-12-14 06:45:02,0.73,0.86,False,2018-12-14 06:00:00
43.36,South Station,0.71,991.09,0.0,2018-11-27 20:15:22,0.71,8.8,False,2018-11-27 20:00:00
39.89,Financial District,0.96,1000.89,0.0,2018-12-17 17:45:01,0.81,6.46,False,2018-12-17 17:00:00
41.03,Boston University,0.98,1014.34,0.0,2018-11-26 06:49:03,0.92,1.77,False,2018-11-26 06:00:00
46.76,Fenway,0.06,1002.18,0.0,2018-12-03 23:52:54,0.57,8.44,False,2018-12-03 23:00:00
42.66,Fenway,0.98,1024.62,0.0,2018-12-15 03:45:01,0.89,5.95,False,2018-12-15 03:00:00
30.39,Fenway,0.0,1015.06,0.0,2018-11-30 07:52:54,0.83,2.35,False,2018-11-30 07:00:00
40.44,West End,1.0,1014.18,0.0,2018-11-26 06:19:04,0.92,1.27,False,2018-11-26 06:00:00
44.09,Boston University,1.0,993.17,0.0247,2018-11-27 09:15:20,0.94,9.04,True,2018-11-27 09:00:00
34.53,Theatre District,0.45,991.93,0.0,2018-11-28 08:27:00,0.81,6.24,False,2018-11-28 08:00:00
41.77,Boston University,0.85,990.12,0.0,2018-11-27 18:15:20,0.76,11.22,False,2018-11-27 18:00:00
50.57,North Station,0.85,1022.08,0.0,2018-12-15 16:45:01,0.79,2.31,False,2018-12-15 16:00:00
44.14,South Station,1.0,997.47,0.012,2018-11-27 06:15:20,0.9,11.34,True,2018-11-27 06:00:00
35.71,Northeastern University,0.79,1001.94,0.0,2018-12-18 04:45:01,0.66,10.76,False,2018-12-18 04:00:00
35.01,Boston University,0.16,991.78,0.0,2018-11-28 07:31:10,0.8,6.43,False,2018-11-28 07:00:00
50.71,Financial District,1.0,1004.05,0.0,2018-12-02 19:53:05,0.92,2.46,False,2018-12-02 19:00:00
40.65,Boston University,0.94,1013.75,0.0,2018-11-26 04:55:41,0.92,2.67,False,2018-11-26 04:00:00
38.3,Haymarket Square,0.65,997.71,0.0,2018-11-29 01:40:41,0.72,10.65,False,2018-11-29 01:00:00
40.64,Theatre District,0.86,1026.95,0.0,2018-12-15 00:45:01,0.83,5.07,False,2018-12-15 00:00:00
39.61,Theatre District,0.27,991.77,0.0,2018-11-28 15:06:22,0.65,8.24,False,2018-11-28 15:00:00
45.65,West End,0.04,1003.2,0.0,2018-12-04 01:52:54,0.6,7.92,False,2018-12-04 01:00:00
42.43,Back Bay,0.49,1023.05,0.0,2018-12-01 17:52:54,0.57,1.04,False,2018-12-01 17:00:00
40.75,Beacon Hill,1.0,989.79,0.0,2018-11-27 15:45:20,0.87,9.53,False,2018-11-27 15:00:00
44.05,Haymarket Square,0.98,1006.01,0.1588,2018-11-27 00:58:48,0.9,9.99,True,2018-11-27 00:00:00
45.07,South Station,0.25,1003.17,0.0,2018-12-04 02:52:54,0.62,8.44,False,2018-12-04 02:00:00
39.2,Northeastern University,1.0,1002.08,0.0,2018-12-17 16:45:01,0.83,6.28,False,2018-12-17 16:00:00
32.58,South Station,0.0,1014.52,0.0,2018-11-30 06:52:54,0.77,4.09,False,2018-11-30 06:00:00
37.64,North Station,0.62,998.37,0.0,2018-11-29 04:02:07,0.71,9.3,False,2018-11-29 04:00:00
41.46,South Station,1.0,1016.48,0.0273,2018-12-02 12:52:54,0.92,8.61,True,2018-12-02 12:00:00
34.17,Back Bay,0.52,991.62,0.0,2018-11-28 08:52:34,0.81,4.91,False,2018-11-28 08:00:00
41.04,Northeastern University,0.95,1014.18,0.0,2018-11-26 07:46:10,0.93,1.92,False,2018-11-26 07:00:00
39.46,Theatre District,0.56,1004.45,0.0,2018-12-04 05:52:54,0.65,8.16,False,2018-12-04 05:00:00
43.88,Fenway,1.0,1006.24,0.0521,2018-11-27 00:17:14,0.9,9.64,True,2018-11-27 00:00:00
51.8,Haymarket Square,0.7,1021.6,0.0,2018-12-15 17:45:01,0.75,6.8,False,2018-12-15 17:00:00
36.61,Fenway,0.54,1001.63,0.0,2018-12-18 01:45:01,0.71,8.73,False,2018-12-18 01:00:00
44.42,West End,0.92,1009.03,0.0031,2018-11-26 21:35:08,0.86,9.41,True,2018-11-26 21:00:00
42.42,West End,0.45,1022.63,0.0,2018-12-01 18:52:54,0.57,0.93,False,2018-12-01 18:00:00
48.31,Haymarket Square,0.99,1006.02,0.003,2018-12-02 18:52:54,0.94,4.13,True,2018-12-02 18:00:00
44.87,Fenway,0.88,1009.85,0.0,2018-11-26 20:35:08,0.84,9.29,False,2018-11-26 20:00:00
37.89,North Station,0.46,999.23,0.0,2018-11-29 05:17:39,0.7,10.11,False,2018-11-29 05:00:00
41.98,Fenway,0.88,1021.54,0.0,2018-12-16 14:45:02,0.71,7.22,False,2018-12-16 14:00:00
36.16,South Station,0.86,1018.5,0.0,2018-12-01 02:12:33,0.7,4.19,False,2018-12-01 02:00:00
33.09,Northeastern University,0.41,991.99,0.0,2018-11-28 09:42:24,0.85,6.74,False,2018-11-28 09:00:00
41.03,Boston University,0.98,1014.34,0.0,2018-11-26 06:49:43,0.92,1.78,False,2018-11-26 06:00:00
40.25,Financial District,0.2,1009.99,0.0,2018-11-29 22:52:54,0.59,8.81,False,2018-11-29 22:00:00
40.35,Fenway,0.86,1014.17,0.0,2018-11-26 04:41:36,0.94,2.6,False,2018-11-26 04:00:00
40.26,Back Bay,1.0,1016.03,0.0,2018-11-30 19:52:54,0.61,4.1,False,2018-11-30 19:00:00
36.27,Fenway,0.9,1018.82,0.0,2018-12-01 02:52:54,0.71,3.72,False,2018-12-01 02:00:00
41.63,Theatre District,0.92,1025.1,0.0,2018-12-15 02:45:01,0.88,5.99,False,2018-12-15 02:00:00
23.9,Theatre District,0.33,1034.01,0.0,2018-12-13 14:45:01,0.61,3.02,False,2018-12-13 14:00:00
40.39,Beacon Hill,1.0,1010.96,0.025,2018-12-17 01:45:01,0.9,10.48,True,2018-12-17 01:00:00
47.06,Northeastern University,0.41,1021.64,0.0,2018-12-15 21:45:02,0.7,6.57,False,2018-12-15 21:00:00
35.05,Theatre District,0.57,991.69,0.0,2018-11-28 07:56:39,0.79,5.64,False,2018-11-28 07:00:00
49.4,North Station,0.89,1000.1,0.0124,2018-12-03 12:52:54,0.92,4.48,True,2018-12-03 12:00:00
29.41,Fenway,0.04,1015.93,0.0,2018-11-30 10:52:54,0.86,3.27,False,2018-11-30 10:00:00
46.09,Northeastern University,0.07,1002.79,0.0,2018-12-04 00:52:54,0.59,6.95,False,2018-12-04 00:00:00
45.26,North Station,0.84,1013.56,0.0,2018-11-26 16:35:08,0.86,5.9,False,2018-11-26 16:00:00
41.27,West End,1.0,988.86,0.0,2018-11-27 15:15:20,0.88,12.02,False,2018-11-27 15:00:00
41.12,Financial District,0.93,989.9,0.0,2018-11-27 17:15:20,0.81,11.05,False,2018-11-27 17:00:00
20.06,Haymarket Square,0.43,1031.07,0.0,2018-12-13 10:45:01,0.64,3.86,False,2018-12-13 10:00:00
33.02,Back Bay,0.39,990.69,0.0,2018-11-28 11:06:24,0.83,6.56,False,2018-11-28 11:00:00
35.04,Financial District,0.77,991.16,0.0,2018-11-28 12:06:23,0.75,6.72,False,2018-11-28 12:00:00
36.39,Financial District,0.87,1018.49,0.0,2018-12-01 02:11:02,0.7,4.19,False,2018-12-01 02:00:00
44.03,Fenway,1.0,998.12,0.0107,2018-11-27 05:45:20,0.9,14.1,True,2018-11-27 05:00:00
40.97,North Station,0.93,1028.29,0.0,2018-12-14 22:45:01,0.77,5.04,False,2018-12-14 22:00:00
38.6,Financial District,1.0,1019.06,0.0051,2018-12-02 09:52:54,0.91,3.07,True,2018-12-02 09:00:00
43.24,North End,0.8,990.79,0.0,2018-11-27 19:45:20,0.71,8.32,False,2018-11-27 19:00:00
39.3,Haymarket Square,0.85,995.95,0.0,2018-11-28 23:53:40,0.66,10.54,False,2018-11-28 23:00:00
46.85,Haymarket Square,0.91,1022.17,0.0,2018-12-15 14:45:01,0.88,3.97,False,2018-12-15 14:00:00
34.45,Financial District,0.05,1017.3,0.0,2018-11-30 13:52:54,0.75,2.01,False,2018-11-30 13:00:00
34.95,Haymarket Square,0.52,991.74,0.0,2018-11-28 08:07:40,0.79,5.82,False,2018-11-28 08:00:00
45.97,North End,0.99,1021.64,0.0,2018-12-15 10:45:01,0.9,5.7,False,2018-12-15 10:00:00
47.7,Fenway,0.99,1000.27,0.0,2018-12-03 11:52:54,0.92,3.41,False,2018-12-03 11:00:00
34.52,South Station,0.52,991.61,0.0,2018-11-28 08:52:34,0.8,4.98,False,2018-11-28 08:00:00
42.89,Boston University,0.98,1024.62,0.0,2018-12-15 03:45:02,0.88,5.93,False,2018-12-15 03:00:00
36.85,Fenway,0.63,991.58,0.0,2018-11-28 13:02:07,0.7,6.36,False,2018-11-28 13:00:00
36.36,Back Bay,0.29,1001.89,0.0,2018-12-18 02:45:01,0.69,10.0,False,2018-12-18 02:00:00
43.95,Boston University,1.0,1023.65,0.0,2018-12-15 04:45:01,0.89,6.15,False,2018-12-15 04:00:00
40.46,Back Bay,1.0,1014.18,0.0,2018-11-26 06:14:17,0.91,1.16,False,2018-11-26 06:00:00
41.25,Beacon Hill,1.0,992.58,0.0,2018-11-28 20:02:07,0.64,9.18,False,2018-11-28 20:00:00
40.72,Fenway,1.0,1014.75,0.0,2018-11-26 09:29:09,0.94,1.36,False,2018-11-26 09:00:00
42.98,Beacon Hill,0.9,1014.56,0.003,2018-11-26 14:35:08,0.91,3.75,True,2018-11-26 14:00:00
45.17,West End,0.43,1022.01,0.0,2018-12-15 22:45:01,0.7,7.4,False,2018-12-15 22:00:00
42.68,Fenway,0.19,1023.04,0.0,2018-12-16 00:45:01,0.71,6.19,False,2018-12-16 00:00:00
34.77,Northeastern University,0.15,991.6,0.0,2018-11-28 07:28:01,0.8,6.47,False,2018-11-28 07:00:00
43.91,Financial District,1.0,1014.16,0.0092,2018-12-02 14:52:54,0.94,6.78,True,2018-12-02 14:00:00
40.0,Haymarket Square,0.82,999.9,0.0,2018-12-17 20:45:01,0.74,9.3,False,2018-12-17 20:00:00
29.79,South Station,0.2,1022.81,0.0,2018-12-09 23:06:24,0.59,5.56,False,2018-12-09 23:00:00
32.81,Financial District,0.58,1034.09,0.0,2018-12-13 20:45:01,0.6,1.47,False,2018-12-13 20:00:00
36.57,Haymarket Square,0.91,1018.34,0.0,2018-12-01 01:52:54,0.69,4.03,False,2018-12-01 01:00:00
35.43,Haymarket Square,0.81,1018.49,0.0,2018-12-01 03:52:54,0.74,3.52,False,2018-12-01 03:00:00
33.49,Beacon Hill,0.42,991.8,0.0,2018-11-28 09:32:18,0.84,5.89,False,2018-11-28 09:00:00
34.88,West End,0.52,991.75,0.0,2018-11-28 08:08:35,0.79,5.81,False,2018-11-28 08:00:00
42.92,Fenway,0.73,991.11,0.0,2018-11-27 20:15:20,0.72,8.68,False,2018-11-27 20:00:00
50.51,Haymarket Square,0.85,1022.08,0.0,2018-12-15 16:45:01,0.79,2.32,False,2018-12-15 16:00:00
46.22,Boston University,0.07,1002.79,0.0,2018-12-04 00:52:54,0.59,7.0,False,2018-12-04 00:00:00
39.21,North End,0.82,996.07,0.0,2018-11-29 00:02:07,0.66,10.75,False,2018-11-29 00:00:00
43.95,Financial District,1.0,1014.18,0.0,2018-11-26 06:24:04,0.8,1.38,False,2018-11-26 06:00:00
40.49,Financial District,0.98,995.03,0.0,2018-11-28 23:02:09,0.62,10.08,False,2018-11-28 23:00:00
41.62,Theatre District,0.84,990.11,0.0,2018-11-27 18:15:20,0.76,11.39,False,2018-11-27 18:00:00
35.57,Fenway,0.2,1024.2,0.0,2018-12-02 00:52:54,0.78,1.83,False,2018-12-02 00:00:00
28.78,South Station,0.11,1022.19,0.0,2018-12-10 00:08:21,0.61,5.19,False,2018-12-10 00:00:00
32.85,South Station,0.51,1033.75,0.0,2018-12-13 19:45:02,0.56,1.92,False,2018-12-13 19:00:00
36.65,Fenway,0.35,1022.87,0.0,2018-12-02 03:52:54,0.81,0.3,False,2018-12-02 03:00:00
45.44,Back Bay,0.95,1022.18,0.0,2018-12-15 12:45:01,0.91,4.1,False,2018-12-15 12:00:00
39.43,Haymarket Square,0.82,995.66,0.0,2018-11-28 23:34:50,0.66,10.99,False,2018-11-28 23:00:00
33.43,West End,0.12,991.2,0.0,2018-11-28 09:48:16,0.83,5.36,False,2018-11-28 09:00:00
45.44,Boston University,1.0,1011.84,0.0,2018-11-26 18:35:08,0.87,6.2,False,2018-11-26 18:00:00
34.53,Financial District,0.52,991.61,0.0,2018-11-28 08:52:34,0.8,4.98,False,2018-11-28 08:00:00
42.33,Theatre District,0.58,1007.66,0.0,2018-11-29 19:52:54,0.55,10.74,False,2018-11-29 19:00:00
41.69,South Station,1.0,1014.57,0.0,2018-11-26 09:03:05,0.9,1.74,False,2018-11-26 09:00:00
36.08,Theatre District,0.29,1001.77,0.0,2018-12-18 02:45:01,0.7,10.08,False,2018-12-18 02:00:00
23.53,Northeastern University,0.64,1006.86,0.0,2018-12-18 11:45:01,0.54,16.11,False,2018-12-18 11:00:00
46.62,Beacon Hill,0.91,1022.17,0.0,2018-12-15 14:45:01,0.89,3.96,False,2018-12-15 14:00:00
40.39,Boston University,0.91,1013.79,0.0,2018-11-26 05:28:04,0.93,2.59,False,2018-11-26 05:00:00
54.25,North Station,0.64,999.31,0.0,2018-12-03 17:52:54,0.63,13.5,False,2018-12-03 17:00:00
37.24,Northeastern University,0.49,998.77,0.0,2018-11-29 04:32:07,0.72,9.91,False,2018-11-29 04:00:00
42.3,Back Bay,0.54,991.86,0.0,2018-11-27 21:15:20,0.71,9.05,False,2018-11-27 21:00:00
43.7,Northeastern University,0.99,1006.07,0.1637,2018-11-27 00:45:22,0.92,9.64,True,2018-11-27 00:00:00
40.6,North End,0.99,1014.86,0.0,2018-11-26 10:35:09,0.95,2.07,False,2018-11-26 10:00:00
28.32,Beacon Hill,0.14,1034.03,0.0,2018-12-14 12:45:02,0.81,2.56,False,2018-12-14 12:00:00
43.69,West End,0.97,1005.93,0.234,2018-11-27 00:42:27,0.92,11.14,True,2018-11-27 00:00:00
39.35,Financial District,0.37,998.28,0.0,2018-11-29 02:37:52,0.68,10.61,False,2018-11-29 02:00:00
43.08,Financial District,0.93,1015.17,0.0,2018-11-26 12:35:08,0.86,3.17,False,2018-11-26 12:00:00
42.45,West End,1.0,1017.42,0.0,2018-12-16 17:45:02,0.72,9.82,False,2018-12-16 17:00:00
47.84,Boston University,0.89,1022.34,0.0,2018-12-15 15:45:01,0.87,3.88,False,2018-12-15 15:00:00
40.65,North Station,0.94,1013.77,0.0,2018-11-26 04:55:43,0.92,2.76,False,2018-11-26 04:00:00
38.41,Boston University,0.48,991.7,0.0,2018-11-28 14:06:22,0.67,11.54,False,2018-11-28 14:00:00
42.78,Back Bay,0.18,1023.04,0.0,2018-12-16 00:45:01,0.71,6.33,False,2018-12-16 00:00:00
44.42,Fenway,0.97,1007.91,0.0062,2018-11-26 22:42:24,0.88,9.53,True,2018-11-26 22:00:00
55.33,South Station,0.48,999.24,0.0,2018-12-03 16:52:54,0.68,15.97,False,2018-12-03 16:00:00
37.86,Beacon Hill,0.95,1017.5,0.0,2018-11-30 23:52:54,0.66,3.76,False,2018-11-30 23:00:00
38.46,Back Bay,0.65,997.43,0.0,2018-11-29 01:32:08,0.72,10.06,False,2018-11-29 01:00:00
42.46,Beacon Hill,0.58,1007.66,0.0,2018-11-29 19:52:54,0.54,10.74,False,2018-11-29 19:00:00
38.05,Haymarket Square,1.0,1020.07,0.0193,2018-12-02 07:52:54,0.86,1.96,True,2018-12-02 07:00:00
29.83,Northeastern University,0.04,1016.53,0.0,2018-11-30 11:52:54,0.84,3.18,False,2018-11-30 11:00:00
41.53,Theatre District,0.87,990.04,0.0,2018-11-27 17:45:20,0.79,12.23,False,2018-11-27 17:00:00
28.16,North End,0.34,1034.71,0.0,2018-12-14 07:45:01,0.77,2.49,False,2018-12-14 07:00:00
39.41,Boston University,0.22,1033.59,0.0,2018-12-14 15:45:01,0.66,3.12,False,2018-12-14 15:00:00
39.26,Beacon Hill,0.44,1022.8,0.0,2018-12-16 07:45:02,0.74,7.19,False,2018-12-16 07:00:00
34.82,North Station,0.83,1001.66,0.032,2018-12-18 05:45:01,0.65,12.36,True,2018-12-18 05:00:00
32.7,Financial District,0.84,1034.68,0.0,2018-12-13 22:45:02,0.61,2.36,False,2018-12-13 22:00:00
34.81,Northeastern University,0.15,991.57,0.0,2018-11-28 07:24:05,0.8,6.4,False,2018-11-28 07:00:00
44.58,South Station,0.93,988.55,0.0,2018-11-27 14:15:20,0.89,9.43,False,2018-11-27 14:00:00
43.79,North Station,1.0,997.49,0.013,2018-11-27 06:15:20,0.91,11.45,True,2018-11-27 06:00:00
29.91,Back Bay,0.04,1016.53,0.0,2018-11-30 11:52:54,0.84,3.17,False,2018-11-30 11:00:00
33.58,Financial District,0.13,991.17,0.0,2018-11-28 10:02:08,0.82,5.61,False,2018-11-28 10:00:00
31.62,Haymarket Square,0.76,1034.39,0.0,2018-12-13 21:45:01,0.63,2.05,False,2018-12-13 21:00:00
44.53,Beacon Hill,0.99,990.79,0.029,2018-11-27 10:15:20,0.96,5.98,True,2018-11-27 10:00:00
30.86,Fenway,0.21,1022.83,0.0,2018-12-09 23:06:24,0.56,5.42,False,2018-12-09 23:00:00
37.39,Financial District,0.93,1017.88,0.002,2018-12-01 00:52:54,0.67,3.18,True,2018-12-01 00:00:00
30.53,Financial District,0.0,1015.05,0.0,2018-11-30 07:52:54,0.83,2.49,False,2018-11-30 07:00:00
20.59,Theatre District,0.51,1029.45,0.0,2018-12-13 07:45:01,0.59,3.6,False,2018-12-13 07:00:00
49.72,Back Bay,0.63,1020.99,0.0,2018-12-15 19:45:01,0.71,4.68,False,2018-12-15 19:00:00
44.83,Beacon Hill,1.0,1009.11,0.0,2018-11-26 21:05:10,0.85,9.24,False,2018-11-26 21:00:00
34.98,Back Bay,1.0,1004.07,0.002,2018-12-17 10:45:01,0.92,9.88,True,2018-12-17 10:00:00
44.33,Haymarket Square,0.93,988.52,0.0,2018-11-27 14:15:20,0.89,9.51,False,2018-11-27 14:00:00
43.17,North End,0.9,1014.56,0.004,2018-11-26 14:35:08,0.9,3.85,True,2018-11-26 14:00:00
44.18,North Station,0.99,1001.5,0.242,2018-11-27 03:15:20,0.89,12.4,True,2018-11-27 03:00:00
41.45,Haymarket Square,1.0,1016.49,0.0311,2018-12-02 12:52:54,0.92,8.59,True,2018-12-02 12:00:00
46.71,Fenway,0.93,1002.27,0.0,2018-12-03 03:52:54,0.93,2.97,False,2018-12-03 03:00:00
33.48,Back Bay,0.13,991.18,0.0,2018-11-28 10:02:11,0.83,5.55,False,2018-11-28 10:00:00
37.51,North Station,0.62,1000.56,0.0,2018-11-29 06:38:49,0.71,10.45,False,2018-11-29 06:00:00
44.83,Fenway,0.88,1000.7,0.0,2018-12-03 06:52:54,0.96,1.53,False,2018-12-03 06:00:00
39.88,North Station,0.32,992.08,0.0,2018-11-28 15:32:09,0.66,10.64,False,2018-11-28 15:00:00
41.1,North Station,0.97,1014.37,0.0,2018-11-26 07:16:51,0.92,1.82,False,2018-11-26 07:00:00
44.04,Haymarket Square,0.57,1006.84,0.0,2018-11-29 16:52:54,0.53,11.67,False,2018-11-29 16:00:00
43.59,North End,0.6,1006.73,0.0,2018-11-29 15:52:54,0.54,11.4,False,2018-11-29 15:00:00
38.61,West End,0.7,997.12,0.0,2018-11-29 01:02:08,0.71,9.92,False,2018-11-29 01:00:00
39.31,West End,0.21,1033.6,0.0,2018-12-14 15:45:02,0.66,3.2,False,2018-12-14 15:00:00
38.99,Financial District,0.11,1022.78,0.0,2018-12-01 15:53:05,0.63,3.36,False,2018-12-01 15:00:00
40.94,Fenway,1.0,991.85,0.0,2018-11-28 19:02:08,0.64,9.39,False,2018-11-28 19:00:00
44.6,Financial District,0.98,1005.99,0.196,2018-11-27 00:58:48,0.88,9.98,True,2018-11-27 00:00:00
42.97,Fenway,0.99,1016.12,0.0,2018-12-16 18:45:01,0.74,9.78,False,2018-12-16 18:00:00
42.03,Financial District,0.97,1014.37,0.0,2018-11-26 07:16:51,0.89,1.84,False,2018-11-26 07:00:00
42.64,Boston University,1.0,1017.4,0.0,2018-12-16 17:45:01,0.72,9.59,False,2018-12-16 17:00:00
47.9,Back Bay,0.99,1002.64,0.0,2018-12-03 01:52:54,0.93,1.87,False,2018-12-03 01:00:00
42.14,Financial District,0.86,1026.95,0.0,2018-12-15 00:45:01,0.78,5.09,False,2018-12-15 00:00:00
43.99,Northeastern University,1.0,998.11,0.0127,2018-11-27 05:45:20,0.9,14.16,True,2018-11-27 05:00:00
22.25,Theatre District,0.07,1027.96,0.0,2018-12-13 05:45:01,0.51,5.12,False,2018-12-13 05:00:00
38.34,Boston University,0.48,991.66,0.0,2018-11-28 14:02:08,0.67,11.62,False,2018-11-28 14:00:00
37.67,Haymarket Square,0.54,1023.02,0.0,2018-12-01 14:52:54,0.67,4.89,False,2018-12-01 14:00:00
28.77,Theatre District,0.27,1021.48,0.0,2018-12-10 02:40:34,0.6,5.17,False,2018-12-10 02:00:00
27.17,South Station,0.15,1033.4,0.0,2018-12-14 11:45:01,0.81,3.07,False,2018-12-14 11:00:00
40.64,Haymarket Square,0.93,1013.78,0.0,2018-11-26 05:17:45,0.92,3.01,False,2018-11-26 05:00:00
38.84,Back Bay,1.0,1005.53,0.0,2018-12-17 06:45:01,0.9,10.93,False,2018-12-17 06:00:00
32.77,North End,0.15,991.22,0.0,2018-11-28 10:32:07,0.85,6.4,False,2018-11-28 10:00:00
38.48,South Station,1.0,1001.84,0.0,2018-12-17 16:45:01,0.85,6.35,False,2018-12-17 16:00:00
43.59,Haymarket Square,0.59,1006.73,0.0,2018-11-29 15:52:54,0.54,11.38,False,2018-11-29 15:00:00
39.21,Fenway,1.0,1002.08,0.0,2018-12-17 16:45:01,0.83,6.23,False,2018-12-17 16:00:00
41.62,South Station,0.98,1014.35,0.0,2018-11-26 06:49:44,0.91,1.83,False,2018-11-26 06:00:00
38.59,Beacon Hill,0.67,997.23,0.0,2018-11-29 01:09:23,0.71,10.06,False,2018-11-29 01:00:00
34.36,Haymarket Square,0.83,1018.71,0.0,2018-12-01 04:52:54,0.76,3.8,False,2018-12-01 04:00:00
38.44,West End,0.17,1017.58,0.0,2018-11-30 15:52:54,0.67,2.94,False,2018-11-30 15:00:00
41.83,Fenway,0.79,990.84,0.0,2018-11-27 19:15:20,0.75,10.42,False,2018-11-27 19:00:00
43.39,Haymarket Square,1.0,996.39,0.011,2018-11-27 07:15:20,0.91,10.96,True,2018-11-27 07:00:00
41.19,Back Bay,0.61,991.57,0.0,2018-11-28 16:02:07,0.62,9.93,False,2018-11-28 16:00:00
41.02,North End,0.87,1014.4,0.0,2018-11-26 03:40:46,0.92,1.59,False,2018-11-26 03:00:00
44.01,Fenway,1.0,993.15,0.0237,2018-11-27 09:15:20,0.95,8.97,True,2018-11-27 09:00:00
40.91,Northeastern University,1.0,991.84,0.0,2018-11-28 19:02:08,0.64,9.43,False,2018-11-28 19:00:00
22.16,Northeastern University,0.08,1027.94,0.0,2018-12-13 05:45:01,0.51,5.06,False,2018-12-13 05:00:00
29.38,North End,0.59,1034.68,0.0,2018-12-14 06:45:01,0.73,0.83,False,2018-12-14 06:00:00
27.34,Haymarket Square,0.15,1033.4,0.0,2018-12-14 11:45:01,0.81,3.04,False,2018-12-14 11:00:00
43.67,Theatre District,0.97,1005.91,0.2231,2018-11-27 00:42:13,0.92,11.13,True,2018-11-27 00:00:00
45.28,North Station,0.97,988.8,0.0,2018-11-27 12:45:20,0.93,4.87,False,2018-11-27 12:00:00
35.94,Northeastern University,0.72,991.33,0.0,2018-11-28 12:32:07,0.72,7.63,False,2018-11-28 12:00:00
33.26,Fenway,0.13,991.18,0.0,2018-11-28 10:00:10,0.83,5.46,False,2018-11-28 10:00:00
42.33,Financial District,0.89,1015.01,0.0072,2018-11-26 13:35:10,0.91,3.63,True,2018-11-26 13:00:00
43.81,Financial District,0.5,1031.42,0.0,2018-12-14 17:45:02,0.62,3.75,False,2018-12-14 17:00:00
43.05,Northeastern University,0.81,990.82,0.0,2018-11-27 19:45:20,0.72,8.31,False,2018-11-27 19:00:00
44.05,Theatre District,1.0,995.96,0.0117,2018-11-27 07:45:20,0.92,12.43,True,2018-11-27 07:00:00
40.33,Northeastern University,1.0,1014.17,0.0,2018-11-26 06:14:15,0.92,1.13,False,2018-11-26 06:00:00
42.49,Haymarket Square,1.0,1017.42,0.0,2018-12-16 17:45:01,0.72,9.87,False,2018-12-16 17:00:00
23.85,North Station,0.33,1034.02,0.0,2018-12-13 14:45:02,0.61,3.02,False,2018-12-13 14:00:00
29.99,Northeastern University,1.0,1003.17,0.0,2018-12-18 07:45:01,0.59,13.03,False,2018-12-18 07:00:00
36.02,Beacon Hill,0.73,991.31,0.0,2018-11-28 12:32:07,0.72,7.69,False,2018-11-28 12:00:00
34.89,Beacon Hill,0.14,991.56,0.0,2018-11-28 07:25:54,0.79,6.49,False,2018-11-28 07:00:00
41.22,North End,0.86,1026.15,0.0,2018-12-15 01:45:01,0.85,5.23,False,2018-12-15 01:00:00
36.91,Back Bay,0.54,1001.6,0.0,2018-12-18 01:45:01,0.7,8.82,False,2018-12-18 01:00:00
43.25,Northeastern University,0.96,1014.5,0.0,2018-11-26 15:05:09,0.9,3.37,False,2018-11-26 15:00:00
43.96,West End,0.98,1005.99,0.1631,2018-11-27 00:59:13,0.9,9.98,True,2018-11-27 00:00:00
35.83,South Station,0.15,991.77,0.0,2018-11-28 07:34:35,0.77,6.74,False,2018-11-28 07:00:00
30.53,Back Bay,0.0,1015.05,0.0,2018-11-30 07:52:54,0.83,2.41,False,2018-11-30 07:00:00
40.2,West End,1.0,1010.97,0.025,2018-12-17 01:45:02,0.9,10.49,True,2018-12-17 01:00:00
37.94,South Station,0.76,996.81,0.0,2018-11-29 00:39:28,0.71,11.19,False,2018-11-29 00:00:00
45.99,Financial District,0.97,988.82,0.0,2018-11-27 12:45:20,0.91,5.0,False,2018-11-27 12:00:00
37.9,South Station,0.62,998.37,0.0,2018-11-29 04:02:07,0.7,9.36,False,2018-11-29 04:00:00
30.13,Boston University,0.77,1035.04,0.0,2018-12-14 01:45:01,0.68,2.3,False,2018-12-14 01:00:00
35.84,South Station,0.2,1023.75,0.0,2018-12-02 01:52:54,0.81,1.39,False,2018-12-02 01:00:00
45.01,North Station,0.96,988.4,0.0,2018-11-27 13:15:20,0.91,4.3,False,2018-11-27 13:00:00
38.87,Haymarket Square,0.11,992.27,0.0,2018-11-28 00:45:22,0.75,9.33,False,2018-11-28 00:00:00
20.31,West End,0.29,1032.54,0.0,2018-12-13 12:45:02,0.63,3.09,False,2018-12-13 12:00:00
39.34,Financial District,0.22,1010.76,0.0,2018-11-29 23:52:54,0.61,8.25,False,2018-11-29 23:00:00
29.95,Haymarket Square,0.72,1035.07,0.0,2018-12-14 04:45:01,0.71,1.62,False,2018-12-14 04:00:00
29.85,Beacon Hill,0.05,1016.53,0.0,2018-11-30 11:52:54,0.84,3.16,False,2018-11-30 11:00:00
23.07,Financial District,0.06,1027.47,0.0,2018-12-13 04:45:03,0.49,4.8,False,2018-12-13 04:00:00
43.34,West End,1.0,996.39,0.011,2018-11-27 07:15:20,0.91,10.93,True,2018-11-27 07:00:00
51.34,Boston University,1.0,1003.11,0.0,2018-12-02 20:52:54,0.92,3.6,False,2018-12-02 20:00:00
40.54,North Station,0.99,1014.86,0.0,2018-11-26 10:35:10,0.95,2.05,False,2018-11-26 10:00:00
33.65,North End,0.74,1018.84,0.0,2018-12-01 05:52:54,0.78,3.3,False,2018-12-01 05:00:00
37.65,Northeastern University,0.95,1017.5,0.0,2018-11-30 23:52:54,0.67,3.87,False,2018-11-30 23:00:00
29.92,Back Bay,0.72,1035.07,0.0,2018-12-14 04:45:02,0.71,1.58,False,2018-12-14 04:00:00
37.4,Theatre District,0.88,1002.91,0.0,2018-12-17 15:45:01,0.87,7.64,False,2018-12-17 15:00:00
36.36,Back Bay,0.0,1012.38,0.0,2018-11-30 02:52:54,0.68,6.79,False,2018-11-30 02:00:00
40.6,North Station,0.9,1013.83,0.0,2018-11-26 05:36:25,0.93,1.81,False,2018-11-26 05:00:00
43.8,Fenway,0.57,1006.75,0.0,2018-11-29 15:52:54,0.54,11.11,False,2018-11-29 15:00:00
40.15,Fenway,0.84,1022.45,0.0,2018-12-16 12:45:01,0.74,7.34,False,2018-12-16 12:00:00
34.53,Fenway,0.47,991.94,0.0,2018-11-28 08:27:00,0.81,6.13,False,2018-11-28 08:00:00
41.78,Boston University,0.16,1016.57,0.0,2018-11-30 16:52:54,0.57,2.46,False,2018-11-30 16:00:00
50.84,North Station,0.76,999.99,0.0,2018-12-03 13:52:54,0.89,6.17,False,2018-12-03 13:00:00
40.42,Northeastern University,0.88,1013.82,0.0,2018-11-26 05:36:25,0.93,1.82,False,2018-11-26 05:00:00
39.68,Back Bay,0.45,1023.95,0.0,2018-12-16 04:45:01,0.71,7.2,False,2018-12-16 04:00:00
39.39,North End,0.86,995.89,0.0,2018-11-28 23:49:34,0.66,10.45,False,2018-11-28 23:00:00
37.74,North Station,0.54,1023.02,0.0,2018-12-01 14:52:54,0.67,4.88,False,2018-12-01 14:00:00
39.56,Back Bay,0.28,991.77,0.0,2018-11-28 15:06:23,0.65,8.34,False,2018-11-28 15:00:00
36.35,West End,0.9,1018.82,0.0,2018-12-01 02:52:54,0.7,3.71,False,2018-12-01 02:00:00
35.02,Haymarket Square,0.15,991.75,0.0,2018-11-28 07:34:35,0.8,6.7,False,2018-11-28 07:00:00
38.77,Boston University,1.0,1005.57,0.0,2018-12-17 06:45:01,0.9,10.69,False,2018-12-17 06:00:00
49.95,Back Bay,0.42,1000.87,0.004,2018-12-03 21:52:54,0.52,7.55,True,2018-12-03 21:00:00
41.32,Haymarket Square,0.47,1022.56,0.0,2018-12-01 16:52:54,0.58,2.23,False,2018-12-01 16:00:00
34.93,Haymarket Square,0.52,991.75,0.0,2018-11-28 08:08:35,0.79,5.84,False,2018-11-28 08:00:00
30.46,South Station,0.14,1033.99,0.0,2018-12-14 12:45:01,0.74,2.39,False,2018-12-14 12:00:00
40.12,West End,0.94,1015.35,0.0,2018-11-26 11:35:08,0.95,2.34,False,2018-11-26 11:00:00
29.64,Boston University,0.69,1035.07,0.0,2018-12-14 05:45:02,0.72,1.51,False,2018-12-14 05:00:00
41.65,Financial District,0.98,1014.31,0.0,2018-11-26 06:50:30,0.9,1.76,False,2018-11-26 06:00:00
37.96,Northeastern University,0.55,991.86,0.0,2018-11-28 13:32:07,0.69,6.64,False,2018-11-28 13:00:00
45.29,Boston University,0.88,1009.85,0.0,2018-11-26 20:35:09,0.83,9.27,False,2018-11-26 20:00:00
40.43,Northeastern University,0.92,1013.76,0.0,2018-11-26 05:17:44,0.93,3.06,False,2018-11-26 05:00:00
45.62,West End,0.97,1021.2,0.0,2018-12-15 08:45:01,0.91,6.13,False,2018-12-15 08:00:00
45.32,Back Bay,0.98,1010.02,0.0,2018-11-26 20:05:09,0.83,8.12,False,2018-11-26 20:00:00
38.52,North Station,0.48,991.68,0.0,2018-11-28 14:06:23,0.67,11.35,False,2018-11-28 14:00:00
36.57,West End,0.54,1002.83,0.0,2018-11-29 09:52:54,0.71,9.47,False,2018-11-29 09:00:00
36.38,Back Bay,1.0,1004.04,0.0,2018-12-17 09:45:01,0.92,9.72,False,2018-12-17 09:00:00
40.99,Back Bay,0.1,1006.2,0.003,2018-11-29 13:52:54,0.59,10.45,True,2018-11-29 13:00:00
44.64,Theatre District,0.95,988.28,0.0,2018-11-27 13:45:20,0.91,6.57,False,2018-11-27 13:00:00
35.3,Northeastern University,0.25,991.59,0.0,2018-11-28 06:34:29,0.79,6.56,False,2018-11-28 06:00:00
40.49,Financial District,1.0,1014.18,0.0,2018-11-26 06:12:14,0.91,1.22,False,2018-11-26 06:00:00
29.9,Theatre District,0.0,1015.19,0.0,2018-11-30 08:52:54,0.85,2.46,False,2018-11-30 08:00:00
41.27,Theatre District,1.0,988.89,0.0,2018-11-27 15:15:20,0.88,12.02,False,2018-11-27 15:00:00
25.4,Financial District,0.51,1009.35,0.0,2018-12-18 13:45:02,0.49,13.07,False,2018-12-18 13:00:00
34.58,Fenway,0.83,991.23,0.0,2018-11-28 12:02:07,0.76,6.33,False,2018-11-28 12:00:00
51.81,Back Bay,0.91,1021.29,0.0,2018-12-15 18:45:01,0.73,5.5,False,2018-12-15 18:00:00
38.61,Beacon Hill,0.56,1022.04,0.0,2018-12-16 10:45:02,0.77,6.93,False,2018-12-16 10:00:00
32.64,Fenway,0.88,1020.18,0.0,2018-12-01 09:52:54,0.79,4.15,False,2018-12-01 09:00:00
44.56,Beacon Hill,1.0,992.97,0.006,2018-11-27 09:45:20,0.96,9.57,True,2018-11-27 09:00:00
43.74,Fenway,0.99,1002.55,0.179,2018-11-27 02:45:20,0.9,11.06,True,2018-11-27 02:00:00
38.76,Theatre District,0.21,1010.77,0.0,2018-11-29 23:52:54,0.62,8.21,False,2018-11-29 23:00:00
38.19,South Station,0.47,999.24,0.0,2018-11-29 05:17:35,0.69,10.19,False,2018-11-29 05:00:00
35.72,North End,0.2,1024.21,0.0,2018-12-02 00:52:54,0.78,1.87,False,2018-12-02 00:00:00
39.99,Back Bay,0.98,995.05,0.0,2018-11-28 23:02:09,0.63,9.97,False,2018-11-28 23:00:00
33.54,North End,0.12,991.2,0.0,2018-11-28 09:49:16,0.83,5.4,False,2018-11-28 09:00:00
29.34,Haymarket Square,0.59,1034.68,0.0,2018-12-14 06:45:02,0.73,0.83,False,2018-12-14 06:00:00
40.65,Northeastern University,0.38,1009.49,0.0,2018-11-29 21:26:51,0.59,9.99,False,2018-11-29 21:00:00
45.39,North End,0.97,988.8,0.0,2018-11-27 12:45:20,0.93,5.01,False,2018-11-27 12:00:00
45.7,South Station,0.98,1010.02,0.0,2018-11-26 20:05:08,0.82,8.2,False,2018-11-26 20:00:00
43.46,Beacon Hill,1.0,995.03,0.006,2018-11-27 08:15:20,0.92,10.1,True,2018-11-27 08:00:00
40.62,Fenway,0.85,1026.94,0.0,2018-12-15 00:45:02,0.83,4.98,False,2018-12-15 00:00:00
44.71,North End,1.0,1009.14,0.0038,2018-11-26 22:45:10,0.87,8.32,True,2018-11-26 22:00:00
39.94,North Station,0.11,1022.78,0.0,2018-12-01 15:53:05,0.61,3.36,False,2018-12-01 15:00:00
40.67,North Station,0.96,993.9,0.0,2018-11-28 20:43:20,0.66,9.99,False,2018-11-28 20:00:00
40.52,Haymarket Square,0.93,1015.17,0.0,2018-11-26 12:35:09,0.95,3.16,False,2018-11-26 12:00:00
40.21,Northeastern University,0.86,994.56,0.0,2018-11-28 21:41:35,0.66,9.84,False,2018-11-28 21:00:00
43.43,Theatre District,0.95,989.12,0.0,2018-11-27 14:45:20,0.89,11.9,False,2018-11-27 14:00:00
41.33,Haymarket Square,1.0,988.85,0.0,2018-11-27 15:15:20,0.88,12.04,False,2018-11-27 15:00:00
40.62,West End,0.96,993.91,0.0,2018-11-28 20:43:20,0.66,9.99,False,2018-11-28 20:00:00
38.52,Haymarket Square,0.57,997.62,0.002,2018-11-29 01:51:40,0.7,9.98,True,2018-11-29 01:00:00
40.9,Haymarket Square,0.86,993.96,0.0,2018-11-28 21:53:39,0.63,9.14,False,2018-11-28 21:00:00
37.89,Haymarket Square,0.98,1000.17,0.0,2018-11-29 06:49:50,0.69,10.02,False,2018-11-29 06:00:00
42.67,Beacon Hill,0.34,1029.36,0.0,2018-12-14 19:45:01,0.66,4.18,False,2018-12-14 19:00:00
46.2,Back Bay,0.91,1021.46,0.0,2018-12-15 09:45:01,0.89,5.79,False,2018-12-15 09:00:00
39.21,South Station,1.0,1005.16,0.0,2018-12-17 07:45:02,0.89,10.86,False,2018-12-17 07:00:00
44.05,Fenway,1.0,995.95,0.0133,2018-11-27 07:45:20,0.92,12.05,True,2018-11-27 07:00:00
45.57,South Station,0.98,1012.84,0.0,2018-11-26 17:05:08,0.85,6.27,False,2018-11-26 17:00:00
46.37,Haymarket Square,1.0,1010.17,0.0003,2018-12-02 16:52:54,0.94,7.13,True,2018-12-02 16:00:00
41.05,Back Bay,1.0,991.92,0.0,2018-11-28 19:06:23,0.64,9.5,False,2018-11-28 19:00:00
33.98,Financial District,1.0,1002.43,0.0,2018-12-18 06:45:01,0.6,13.43,False,2018-12-18 06:00:00
39.85,Financial District,0.99,1014.86,0.0,2018-11-26 10:35:10,0.96,2.03,False,2018-11-26 10:00:00
33.39,West End,0.12,991.2,0.0,2018-11-28 09:50:11,0.83,5.38,False,2018-11-28 09:00:00
23.14,Northeastern University,0.05,1027.5,0.0,2018-12-13 04:24:57,0.47,4.15,False,2018-12-13 04:00:00
42.11,Haymarket Square,0.89,1012.47,0.0431,2018-12-16 22:45:01,0.77,11.18,True,2018-12-16 22:00:00
33.57,Financial District,0.74,1018.84,0.0,2018-12-01 05:52:54,0.79,3.28,False,2018-12-01 05:00:00
24.3,North End,0.08,1026.82,0.0,2018-12-13 03:41:45,0.47,5.7,False,2018-12-13 03:00:00
45.89,Theatre District,0.08,1002.46,0.0,2018-12-04 00:52:54,0.59,6.12,False,2018-12-04 00:00:00
37.8,Fenway,0.54,1023.52,0.0,2018-12-01 22:52:54,0.72,2.4,False,2018-12-01 22:00:00
41.0,Boston University,0.43,1024.49,0.0,2018-12-16 02:45:01,0.71,6.2,False,2018-12-16 02:00:00
41.84,Theatre District,0.78,990.84,0.0,2018-11-27 19:15:20,0.75,10.36,False,2018-11-27 19:00:00
38.93,Boston University,0.99,1018.25,0.0457,2018-12-02 10:52:54,0.92,5.12,True,2018-12-02 10:00:00
29.9,Beacon Hill,0.69,1034.98,0.0,2018-12-14 03:45:01,0.71,1.92,False,2018-12-14 03:00:00
44.39,South Station,0.99,1001.47,0.2197,2018-11-27 03:15:20,0.88,12.59,True,2018-11-27 03:00:00
44.78,Financial District,1.0,1006.37,0.0587,2018-11-27 00:12:13,0.88,9.79,True,2018-11-27 00:00:00
28.45,Back Bay,0.53,1034.51,0.0,2018-12-14 08:45:01,0.77,3.12,False,2018-12-14 08:00:00
46.81,South Station,0.86,1001.89,0.0,2018-12-03 04:52:54,0.94,2.68,False,2018-12-03 04:00:00
34.85,Theatre District,0.14,991.56,0.0,2018-11-28 07:24:52,0.8,6.51,False,2018-11-28 07:00:00
40.83,West End,0.75,1028.45,0.0,2018-12-14 21:45:02,0.73,4.5,False,2018-12-14 21:00:00
38.2,West End,0.09,1011.71,0.0,2018-11-30 00:52:54,0.64,8.29,False,2018-11-30 00:00:00
50.67,West End,0.7,1000.21,0.0,2018-12-03 20:52:54,0.56,6.81,False,2018-12-03 20:00:00
41.1,North Station,0.93,989.88,0.0,2018-11-27 17:15:20,0.81,11.03,False,2018-11-27 17:00:00
40.08,Northeastern University,0.12,1022.78,0.0,2018-12-01 15:53:04,0.61,3.29,False,2018-12-01 15:00:00
44.24,Financial District,0.71,1006.79,0.0,2018-11-29 17:52:54,0.52,11.24,False,2018-11-29 17:00:00
39.98,North End,0.98,995.02,0.0,2018-11-28 23:02:09,0.64,10.04,False,2018-11-28 23:00:00
31.12,Theatre District,0.84,1034.67,0.0,2018-12-13 22:45:02,0.65,2.35,False,2018-12-13 22:00:00
43.23,Fenway,0.95,989.18,0.0,2018-11-27 14:45:20,0.89,11.97,False,2018-11-27 14:00:00
20.45,Financial District,0.29,1032.53,0.0,2018-12-13 12:45:02,0.63,3.12,False,2018-12-13 12:00:00
40.44,North Station,1.0,1014.19,0.0,2018-11-26 06:11:48,0.91,1.18,False,2018-11-26 06:00:00
34.34,North Station,0.83,1018.71,0.0,2018-12-01 04:52:54,0.76,3.79,False,2018-12-01 04:00:00
43.81,Northeastern University,1.0,998.82,0.0237,2018-11-27 05:15:20,0.9,13.55,True,2018-11-27 05:00:00
44.83,Financial District,0.99,1005.45,0.128,2018-11-27 01:15:20,0.88,11.14,True,2018-11-27 01:00:00
39.47,North End,0.83,995.66,0.0,2018-11-28 23:34:50,0.66,11.01,False,2018-11-28 23:00:00
51.16,Financial District,0.89,1000.1,0.0073,2018-12-03 12:52:54,0.87,4.52,True,2018-12-03 12:00:00
30.07,North Station,0.79,1035.03,0.0,2018-12-14 01:45:03,0.69,2.28,False,2018-12-14 01:00:00
50.29,Fenway,1.0,1004.06,0.0,2018-12-02 19:53:04,0.93,2.47,False,2018-12-02 19:00:00
35.49,Financial District,0.57,991.69,0.0,2018-11-28 07:54:48,0.77,5.65,False,2018-11-28 07:00:00
35.76,Haymarket Square,0.78,1001.88,0.0,2018-12-18 04:45:02,0.66,10.92,False,2018-12-18 04:00:00
33.49,Back Bay,0.41,991.97,0.0,2018-11-28 09:42:24,0.84,6.74,False,2018-11-28 09:00:00
41.86,South Station,0.18,1006.41,0.0,2018-11-29 14:52:54,0.57,10.43,False,2018-11-29 14:00:00
44.17,North End,0.71,1006.79,0.0,2018-11-29 17:52:54,0.52,11.3,False,2018-11-29 17:00:00
39.26,Beacon Hill,1.0,1019.53,0.0294,2018-12-02 08:52:54,0.86,4.03,True,2018-12-02 08:00:00
50.52,Beacon Hill,0.85,1022.08,0.0,2018-12-15 16:45:01,0.79,2.32,False,2018-12-15 16:00:00
28.76,Theatre District,0.31,1011.48,0.0,2018-12-18 16:45:01,0.47,14.6,False,2018-12-18 16:00:00
32.22,Financial District,0.7,1033.66,0.0,2018-12-13 18:45:02,0.56,2.39,False,2018-12-13 18:00:00
43.66,Haymarket Square,1.0,1023.74,0.0,2018-12-15 04:45:01,0.9,6.21,False,2018-12-15 04:00:00
38.51,Haymarket Square,0.74,1000.93,0.0,2018-12-17 23:45:01,0.7,9.99,False,2018-12-17 23:00:00
35.02,North Station,0.15,991.75,0.0,2018-11-28 07:31:10,0.8,6.6,False,2018-11-28 07:00:00
33.53,Back Bay,0.73,1018.85,0.0,2018-12-01 05:52:54,0.79,3.2,False,2018-12-01 05:00:00
44.94,Financial District,0.96,1012.4,0.0,2018-11-26 18:05:09,0.89,4.23,False,2018-11-26 18:00:00
43.29,Boston University,0.73,991.11,0.0,2018-11-27 20:15:20,0.71,8.64,False,2018-11-27 20:00:00
44.57,Back Bay,1.0,992.96,0.0057,2018-11-27 09:45:20,0.96,9.44,True,2018-11-27 09:00:00
52.72,North Station,0.74,999.95,0.0,2018-12-03 14:52:54,0.86,6.62,False,2018-12-03 14:00:00
47.2,West End,0.98,1002.74,0.0,2018-12-03 02:52:54,0.94,3.57,False,2018-12-03 02:00:00
32.31,Fenway,0.7,1033.65,0.0,2018-12-13 18:45:01,0.56,2.31,False,2018-12-13 18:00:00
38.55,North Station,0.68,996.62,0.0,2018-11-29 00:32:09,0.69,11.14,False,2018-11-29 00:00:00
37.31,North Station,0.22,1005.06,0.0,2018-11-29 11:52:54,0.68,8.75,False,2018-11-29 11:00:00
24.07,Financial District,0.5,1008.78,0.0,2018-12-18 12:45:01,0.51,15.03,False,2018-12-18 12:00:00
35.44,South Station,0.53,991.75,0.0,2018-11-28 08:07:40,0.78,5.86,False,2018-11-28 08:00:00
38.9,Back Bay,1.0,1006.4,0.0,2018-12-17 05:45:01,0.9,11.54,False,2018-12-17 05:00:00
41.04,Boston University,0.62,991.58,0.0,2018-11-28 16:06:22,0.62,9.97,False,2018-11-28 16:00:00
48.88,South Station,1.0,1002.89,0.0,2018-12-02 23:52:54,0.92,4.01,False,2018-12-02 23:00:00
52.73,Haymarket Square,0.74,999.95,0.0,2018-12-03 14:52:54,0.86,6.65,False,2018-12-03 14:00:00
38.56,Fenway,0.48,991.71,0.0,2018-11-28 14:06:22,0.67,11.42,False,2018-11-28 14:00:00
36.27,Northeastern University,0.87,1018.48,0.0,2018-12-01 02:09:58,0.7,4.3,False,2018-12-01 02:00:00
40.56,Haymarket Square,0.86,1014.17,0.0,2018-11-26 04:43:16,0.93,2.63,False,2018-11-26 04:00:00
29.43,Fenway,0.74,1034.78,0.0,2018-12-14 04:45:02,0.72,1.27,False,2018-12-14 04:00:00
40.72,Back Bay,0.95,1013.78,0.0,2018-11-26 04:49:37,0.92,2.59,False,2018-11-26 04:00:00
32.64,Fenway,0.52,1033.74,0.0,2018-12-13 19:45:01,0.57,1.74,False,2018-12-13 19:00:00
41.27,Fenway,0.66,991.63,0.0,2018-11-28 16:32:08,0.63,10.42,False,2018-11-28 16:00:00
38.6,South Station,0.51,997.89,0.0,2018-11-29 02:07:18,0.7,10.47,False,2018-11-29 02:00:00
36.27,Financial District,0.78,1001.88,0.0,2018-12-18 04:45:01,0.65,10.93,False,2018-12-18 04:00:00
36.8,Financial District,0.58,1002.22,0.0,2018-12-18 03:45:01,0.66,9.25,False,2018-12-18 03:00:00
54.71,Financial District,0.63,999.86,0.0,2018-12-03 15:52:54,0.79,7.44,False,2018-12-03 15:00:00
36.48,North End,0.87,1018.49,0.0,2018-12-01 02:11:03,0.69,4.17,False,2018-12-01 02:00:00
37.91,Haymarket Square,0.37,998.28,0.0,2018-11-29 02:37:52,0.72,10.56,False,2018-11-29 02:00:00
39.92,Northeastern University,0.33,992.11,0.0,2018-11-28 15:32:09,0.65,10.61,False,2018-11-28 15:00:00
44.44,Fenway,1.0,996.81,0.018,2018-11-27 06:45:20,0.92,12.89,True,2018-11-27 06:00:00
42.19,West End,0.54,991.84,0.0,2018-11-27 21:15:20,0.71,9.11,False,2018-11-27 21:00:00
40.21,Theatre District,1.0,1010.94,0.026,2018-12-17 01:45:01,0.91,10.6,True,2018-12-17 01:00:00
40.59,North Station,0.37,1009.55,0.0,2018-11-29 21:32:33,0.6,10.15,False,2018-11-29 21:00:00
37.84,Fenway,0.36,998.36,0.0,2018-11-29 02:33:32,0.72,10.56,False,2018-11-29 02:00:00
38.38,Beacon Hill,0.49,997.93,0.002,2018-11-29 02:09:19,0.7,10.38,True,2018-11-29 02:00:00
42.49,Northeastern University,0.44,1022.64,0.0,2018-12-01 18:52:54,0.57,0.92,False,2018-12-01 18:00:00
38.39,West End,0.26,1022.38,0.0,2018-12-16 09:45:02,0.76,7.81,False,2018-12-16 09:00:00
45.18,Theatre District,0.97,988.83,0.0,2018-11-27 12:45:20,0.94,4.86,False,2018-11-27 12:00:00
44.8,Fenway,0.98,1008.38,0.013,2018-11-26 22:05:09,0.87,7.36,True,2018-11-26 22:00:00
40.9,Northeastern University,0.43,1009.26,0.0,2018-11-29 21:18:20,0.59,10.07,False,2018-11-29 21:00:00
43.35,Financial District,0.8,990.8,0.0,2018-11-27 19:45:20,0.71,8.35,False,2018-11-27 19:00:00
30.79,Financial District,0.04,1017.23,0.0,2018-11-30 12:52:54,0.81,3.07,False,2018-11-30 12:00:00
30.88,Beacon Hill,0.2,1022.8,0.0,2018-12-09 23:06:24,0.56,5.53,False,2018-12-09 23:00:00
37.27,Fenway,0.93,1017.88,0.0,2018-12-01 00:52:54,0.68,2.93,False,2018-12-01 00:00:00
39.88,South Station,0.99,1008.35,0.002,2018-12-17 03:45:01,0.89,11.65,True,2018-12-17 03:00:00
35.95,West End,0.52,1023.47,0.0,2018-12-02 02:52:54,0.82,1.57,False,2018-12-02 02:00:00
37.6,Haymarket Square,0.62,1000.55,0.0,2018-11-29 06:38:30,0.71,10.47,False,2018-11-29 06:00:00
23.1,North Station,0.05,1027.52,0.0,2018-12-13 04:24:57,0.47,4.2,False,2018-12-13 04:00:00
37.75,North Station,0.47,998.2,0.0,2018-11-29 03:02:10,0.7,10.98,False,2018-11-29 03:00:00
45.48,South Station,0.92,1001.11,0.0,2018-12-03 08:52:54,0.94,2.86,False,2018-12-03 08:00:00
47.31,Boston University,0.98,1002.73,0.0,2018-12-03 02:52:54,0.94,3.41,False,2018-12-03 02:00:00
42.31,South Station,0.89,1015.01,0.0075,2018-11-26 13:35:10,0.91,3.62,True,2018-11-26 13:00:00
37.86,Northeastern University,0.99,1000.18,0.0,2018-11-29 06:48:53,0.69,10.03,False,2018-11-29 06:00:00
40.57,Fenway,0.94,1013.78,0.0,2018-11-26 04:49:38,0.92,2.55,False,2018-11-26 04:00:00
45.42,Northeastern University,1.0,1011.85,0.0,2018-11-26 18:35:09,0.87,6.16,False,2018-11-26 18:00:00
46.27,Financial District,0.08,1002.46,0.0,2018-12-04 00:52:54,0.58,6.15,False,2018-12-04 00:00:00
21.39,Theatre District,0.19,1033.72,0.0,2018-12-13 13:45:01,0.6,2.9,False,2018-12-13 13:00:00
39.66,Northeastern University,0.28,991.79,0.0,2018-11-28 15:06:22,0.65,8.32,False,2018-11-28 15:00:00
40.49,Financial District,0.87,1014.18,0.0,2018-11-26 04:41:37,0.94,2.6,False,2018-11-26 04:00:00
40.54,Back Bay,0.86,994.1,0.0,2018-11-28 21:32:09,0.65,9.53,False,2018-11-28 21:00:00
41.7,South Station,0.16,1009.57,0.0,2018-11-29 21:52:54,0.57,9.02,False,2018-11-29 21:00:00
41.16,Boston University,0.76,1028.45,0.0,2018-12-14 21:45:01,0.72,4.38,False,2018-12-14 21:00:00
40.61,Financial District,0.93,1013.76,0.0,2018-11-26 05:13:04,0.92,3.12,False,2018-11-26 05:00:00
42.3,Boston University,0.97,1014.07,0.003,2018-12-16 20:45:02,0.76,9.55,True,2018-12-16 20:00:00
40.26,Fenway,1.0,1014.17,0.0,2018-11-26 06:15:14,0.92,1.1,False,2018-11-26 06:00:00
33.71,Beacon Hill,0.36,1022.26,0.0,2018-12-01 12:52:54,0.78,5.13,False,2018-12-01 12:00:00
37.78,Fenway,0.53,1023.03,0.0,2018-12-01 14:52:54,0.67,4.77,False,2018-12-01 14:00:00
42.35,Theatre District,0.92,1018.9,0.007,2018-12-16 16:45:01,0.73,9.48,True,2018-12-16 16:00:00
32.83,Beacon Hill,0.16,991.41,0.0,2018-11-28 10:32:07,0.85,6.38,False,2018-11-28 10:00:00
37.82,Beacon Hill,0.45,998.92,0.0,2018-11-29 04:46:23,0.7,9.37,False,2018-11-29 04:00:00
42.69,South Station,0.94,1014.19,0.0,2018-11-26 07:46:10,0.88,1.97,False,2018-11-26 07:00:00
34.22,Boston University,0.82,1018.72,0.0,2018-12-01 04:53:01,0.76,3.75,False,2018-12-01 04:00:00
36.33,South Station,0.91,1004.02,0.0,2018-12-17 14:45:02,0.89,6.99,False,2018-12-17 14:00:00
44.56,Boston University,1.0,992.96,0.0087,2018-11-27 09:45:20,0.96,9.25,True,2018-11-27 09:00:00
44.12,Haymarket Square,1.0,995.99,0.0143,2018-11-27 07:45:20,0.92,12.56,True,2018-11-27 07:00:00
42.07,Northeastern University,1.0,1012.12,0.102,2018-12-16 23:45:01,0.78,11.28,True,2018-12-16 23:00:00
41.99,Haymarket Square,0.78,990.83,0.0,2018-11-27 19:15:20,0.74,10.34,False,2018-11-27 19:00:00
36.64,Haymarket Square,0.9,1022.67,0.0,2018-12-02 04:52:54,0.84,1.04,False,2018-12-02 04:00:00
30.85,North End,0.54,1034.91,0.0,2018-12-13 23:45:01,0.66,2.09,False,2018-12-13 23:00:00
41.93,North Station,0.86,1020.17,0.0,2018-12-16 15:45:01,0.74,9.56,False,2018-12-16 15:00:00
45.46,North End,0.43,1022.01,0.0,2018-12-15 22:45:01,0.7,7.49,False,2018-12-15 22:00:00
40.45,Financial District,0.27,991.57,0.0,2018-11-27 22:45:20,0.7,8.45,False,2018-11-27 22:00:00
26.76,North End,0.45,1034.02,0.0,2018-12-14 09:45:01,0.81,2.41,False,2018-12-14 09:00:00
40.81,Northeastern University,0.42,1024.48,0.0,2018-12-16 02:45:01,0.72,6.31,False,2018-12-16 02:00:00
26.16,Back Bay,0.53,1033.65,0.0,2018-12-13 15:45:01,0.58,2.78,False,2018-12-13 15:00:00
33.47,Financial District,0.69,1019.04,0.0,2018-12-01 06:52:54,0.78,3.92,False,2018-12-01 06:00:00
33.26,North Station,0.38,990.67,0.0,2018-11-28 11:06:24,0.82,6.6,False,2018-11-28 11:00:00
42.19,Fenway,0.91,1018.76,0.0209,2018-12-16 16:45:02,0.75,9.48,True,2018-12-16 16:00:00
33.3,Fenway,0.42,991.82,0.0,2018-11-28 09:32:11,0.84,5.82,False,2018-11-28 09:00:00
44.44,Theatre District,1.0,996.85,0.025,2018-11-27 06:45:20,0.92,13.17,True,2018-11-27 06:00:00
39.54,South Station,0.83,996.08,0.0,2018-11-29 00:02:07,0.66,10.8,False,2018-11-29 00:00:00
43.83,Haymarket Square,1.0,997.49,0.013,2018-11-27 06:15:20,0.91,11.44,True,2018-11-27 06:00:00
27.44,Financial District,0.34,1011.41,0.0,2018-12-18 15:45:01,0.45,15.09,False,2018-12-18 15:00:00
26.93,Northeastern University,0.16,1033.4,0.0,2018-12-14 11:45:01,0.81,2.94,False,2018-12-14 11:00:00
35.19,South Station,0.99,1003.67,0.0,2018-12-17 12:45:02,0.89,8.54,False,2018-12-17 12:00:00
41.04,North End,1.0,1014.57,0.0,2018-11-26 09:03:05,0.92,1.79,False,2018-11-26 09:00:00
40.53,West End,0.93,1013.77,0.0,2018-11-26 05:17:45,0.92,2.97,False,2018-11-26 05:00:00
38.55,South Station,0.54,1023.52,0.0,2018-12-01 22:52:56,0.7,2.34,False,2018-12-01 22:00:00
48.2,Beacon Hill,0.99,1006.02,0.0039,2018-12-02 18:52:54,0.94,4.08,True,2018-12-02 18:00:00
26.25,Fenway,0.47,1010.13,0.0,2018-12-18 14:45:01,0.47,13.58,False,2018-12-18 14:00:00
44.0,North Station,0.34,1022.05,0.0,2018-12-15 23:45:01,0.7,7.92,False,2018-12-15 23:00:00
23.1,South Station,0.06,1027.47,0.0,2018-12-13 04:45:03,0.49,4.8,False,2018-12-13 04:00:00
39.64,South Station,0.04,1012.02,0.0,2018-11-30 01:52:54,0.6,8.03,False,2018-11-30 01:00:00
44.69,North Station,1.0,1009.14,0.0038,2018-11-26 22:45:10,0.87,8.31,True,2018-11-26 22:00:00
38.32,West End,0.62,997.37,0.0,2018-11-29 01:19:44,0.72,10.28,False,2018-11-29 01:00:00
46.83,Financial District,0.99,1021.65,0.0,2018-12-15 10:45:01,0.87,5.68,False,2018-12-15 10:00:00
39.54,Financial District,0.22,1022.4,0.0,2018-12-16 09:45:01,0.73,8.01,False,2018-12-16 09:00:00
35.85,Boston University,0.55,1023.48,0.0,2018-12-02 02:52:54,0.82,1.35,False,2018-12-02 02:00:00
21.41,Back Bay,0.2,1033.72,0.0,2018-12-13 13:45:01,0.6,2.88,False,2018-12-13 13:00:00
39.16,Back Bay,1.0,1008.35,0.002,2018-12-17 03:45:01,0.92,11.42,True,2018-12-17 03:00:00
42.67,Theatre District,0.84,1020.08,0.0,2018-12-16 15:45:01,0.71,9.91,False,2018-12-16 15:00:00
48.61,Financial District,0.18,1001.44,0.0,2018-12-03 22:52:54,0.53,10.97,False,2018-12-03 22:00:00
46.88,West End,0.91,1022.17,0.0,2018-12-15 14:45:01,0.88,3.98,False,2018-12-15 14:00:00
40.24,North Station,0.97,1015.28,0.0,2018-11-26 11:05:10,0.93,2.41,False,2018-11-26 11:00:00
20.0,Northeastern University,0.61,1030.19,0.0,2018-12-13 08:45:01,0.61,3.58,False,2018-12-13 08:00:00
41.17,West End,0.87,1016.05,0.0,2018-11-30 18:52:54,0.59,1.4,False,2018-11-30 18:00:00
41.36,Boston University,0.91,991.51,0.0,2018-11-28 17:02:08,0.63,9.18,False,2018-11-28 17:00:00
37.7,Beacon Hill,0.41,998.43,0.0,2018-11-29 03:19:00,0.71,11.09,False,2018-11-29 03:00:00
32.33,Back Bay,0.7,1033.66,0.0,2018-12-13 18:45:01,0.56,2.34,False,2018-12-13 18:00:00
38.29,Fenway,0.51,997.92,0.0,2018-11-29 02:06:46,0.7,10.18,False,2018-11-29 02:00:00
24.19,Beacon Hill,0.08,1026.82,0.0,2018-12-13 03:41:45,0.47,5.6,False,2018-12-13 03:00:00
41.53,Northeastern University,0.91,991.51,0.0,2018-11-28 17:02:08,0.62,9.21,False,2018-11-28 17:00:00
48.13,North End,1.0,1002.89,0.0,2018-12-02 23:52:54,0.94,4.02,False,2018-12-02 23:00:00
40.13,North End,0.99,994.93,0.0,2018-11-28 22:53:38,0.63,9.87,False,2018-11-28 22:00:00
41.35,Beacon Hill,0.47,1022.56,0.0,2018-12-01 16:52:54,0.58,2.24,False,2018-12-01 16:00:00
40.31,West End,0.86,994.07,0.0,2018-11-28 21:32:09,0.66,9.54,False,2018-11-28 21:00:00
45.37,North Station,0.92,1001.11,0.0,2018-12-03 08:52:54,0.94,2.8,False,2018-12-03 08:00:00
42.52,Beacon Hill,1.0,1017.42,0.0,2018-12-16 17:45:02,0.72,9.8,False,2018-12-16 17:00:00
39.25,North Station,0.39,1022.44,0.0,2018-12-16 08:45:01,0.74,8.09,False,2018-12-16 08:00:00
34.99,Boston University,0.59,991.7,0.0,2018-11-28 07:56:39,0.79,5.48,False,2018-11-28 07:00:00
44.95,Back Bay,0.99,990.87,0.0087,2018-11-27 10:45:20,0.97,6.14,True,2018-11-27 10:00:00
45.77,Haymarket Square,0.97,1021.2,0.0,2018-12-15 08:45:01,0.91,6.17,False,2018-12-15 08:00:00
48.78,North End,0.54,1021.38,0.0,2018-12-15 20:45:01,0.71,5.55,False,2018-12-15 20:00:00
37.45,West End,0.62,1000.57,0.0,2018-11-29 06:38:49,0.71,10.44,False,2018-11-29 06:00:00
50.82,Fenway,1.0,1003.27,0.0,2018-12-02 21:52:54,0.94,3.81,False,2018-12-02 21:00:00
41.15,Boston University,0.99,991.73,0.0,2018-11-28 18:32:07,0.64,10.18,False,2018-11-28 18:00:00
44.65,Financial District,1.0,1003.15,0.162,2018-11-27 02:15:20,0.89,13.73,True,2018-11-27 02:00:00
38.2,Fenway,0.6,997.49,0.0,2018-11-29 01:24:43,0.72,10.28,False,2018-11-29 01:00:00
35.72,South Station,0.2,1024.2,0.0,2018-12-02 00:52:54,0.78,1.9,False,2018-12-02 00:00:00
37.94,Theatre District,1.0,1020.06,0.0201,2018-12-02 07:52:54,0.86,1.96,True,2018-12-02 07:00:00
33.08,West End,0.05,1017.29,0.0,2018-11-30 13:52:54,0.79,1.92,False,2018-11-30 13:00:00
42.39,Boston University,0.92,1014.84,0.0189,2018-11-26 14:05:09,0.91,2.25,True,2018-11-26 14:00:00
40.87,Beacon Hill,0.38,1009.47,0.0,2018-11-29 21:26:51,0.59,10.03,False,2018-11-29 21:00:00
23.86,Haymarket Square,0.33,1034.02,0.0,2018-12-13 14:45:01,0.61,3.03,False,2018-12-13 14:00:00
36.47,Financial District,0.92,1003.47,0.0,2018-12-17 13:45:02,0.87,7.43,False,2018-12-17 13:00:00
38.8,North Station,0.83,1022.57,0.0,2018-12-16 11:45:01,0.78,6.91,False,2018-12-16 11:00:00
43.52,Boston University,0.57,1006.75,0.0,2018-11-29 15:52:54,0.55,11.11,False,2018-11-29 15:00:00
50.8,Financial District,0.76,999.99,0.0,2018-12-03 13:52:54,0.89,6.23,False,2018-12-03 13:00:00
47.32,West End,1.0,1007.49,0.0068,2018-12-02 17:52:54,0.96,5.16,True,2018-12-02 17:00:00
38.61,North End,0.67,997.21,0.0,2018-11-29 01:09:23,0.71,10.12,False,2018-11-29 01:00:00
36.33,North End,0.29,1001.75,0.0,2018-12-18 02:45:01,0.69,10.07,False,2018-12-18 02:00:00
39.42,West End,0.45,1023.97,0.0,2018-12-16 04:45:02,0.72,7.21,False,2018-12-16 04:00:00
28.89,Financial District,0.96,1005.29,0.0,2018-12-18 08:45:01,0.55,15.68,False,2018-12-18 08:00:00
39.34,Beacon Hill,0.86,995.91,0.0,2018-11-28 23:49:34,0.66,10.4,False,2018-11-28 23:00:00
36.22,South Station,0.24,991.57,0.0,2018-11-28 06:34:30,0.76,6.68,False,2018-11-28 06:00:00
20.1,North Station,0.62,1030.21,0.0,2018-12-13 08:45:01,0.61,3.79,False,2018-12-13 08:00:00
41.42,Financial District,0.84,994.07,0.0,2018-11-28 22:02:09,0.61,9.3,False,2018-11-28 22:00:00
40.86,Theatre District,0.84,994.08,0.0,2018-11-28 22:02:09,0.63,9.29,False,2018-11-28 22:00:00
41.1,Northeastern University,0.98,1014.34,0.0,2018-11-26 06:50:30,0.92,1.81,False,2018-11-26 06:00:00
43.66,Theatre District,0.97,1005.88,0.2154,2018-11-27 00:43:39,0.92,11.22,True,2018-11-27 00:00:00
42.63,Haymarket Square,0.91,1014.85,0.003,2018-11-26 14:05:08,0.9,2.23,True,2018-11-26 14:00:00
30.88,West End,0.19,1022.8,0.0,2018-12-09 23:06:24,0.57,5.55,False,2018-12-09 23:00:00
30.81,Theatre District,0.0,1012.32,0.0,2018-12-18 18:45:01,0.46,13.15,False,2018-12-18 18:00:00
38.54,North End,0.57,997.65,0.0,2018-11-29 01:53:39,0.7,10.08,False,2018-11-29 01:00:00
36.0,North Station,0.52,1023.47,0.0,2018-12-02 02:52:54,0.81,1.59,False,2018-12-02 02:00:00
28.32,Theatre District,0.97,1005.31,0.0,2018-12-18 08:45:01,0.56,15.61,False,2018-12-18 08:00:00
33.29,North End,0.4,991.95,0.0,2018-11-28 09:43:15,0.84,6.82,False,2018-11-28 09:00:00
32.99,Boston University,0.4,990.69,0.0,2018-11-28 11:06:24,0.83,6.5,False,2018-11-28 11:00:00
40.64,North Station,0.82,999.95,0.0,2018-12-17 19:45:01,0.77,8.9,False,2018-12-17 19:00:00
40.92,North Station,0.63,1023.18,0.0,2018-12-01 20:52:54,0.63,1.77,False,2018-12-01 20:00:00
38.13,Financial District,0.51,998.73,0.0,2018-11-29 04:32:00,0.7,10.04,False,2018-11-29 04:00:00
44.77,South Station,1.0,1006.37,0.0583,2018-11-27 00:12:13,0.88,9.78,True,2018-11-27 00:00:00
45.34,Financial District,0.99,990.79,0.0297,2018-11-27 10:15:20,0.93,6.13,True,2018-11-27 10:00:00
40.11,West End,1.0,1016.03,0.0,2018-11-30 19:52:54,0.61,3.85,False,2018-11-30 19:00:00
38.49,West End,0.67,997.22,0.0,2018-11-29 01:09:23,0.71,10.07,False,2018-11-29 01:00:00
29.95,Back Bay,0.02,1015.52,0.0,2018-11-30 09:52:54,0.84,3.24,False,2018-11-30 09:00:00
43.12,North End,1.0,998.67,0.012,2018-11-27 05:45:20,0.91,10.21,True,2018-11-27 05:00:00
34.89,North End,1.0,1004.05,0.003,2018-12-17 10:45:01,0.92,10.06,True,2018-12-17 10:00:00
45.26,West End,1.0,989.02,0.0,2018-11-27 12:15:20,0.93,1.57,False,2018-11-27 12:00:00
41.68,Haymarket Square,0.44,1023.68,0.0,2018-12-16 01:45:01,0.71,6.28,False,2018-12-16 01:00:00
38.38,North Station,1.0,1020.71,0.0,2018-12-02 06:52:54,0.83,2.75,False,2018-12-02 06:00:00
40.89,Back Bay,0.93,1000.17,0.0,2018-12-17 18:45:02,0.78,7.54,False,2018-12-17 18:00:00
37.93,South Station,0.59,998.46,0.0,2018-11-29 04:09:18,0.7,9.52,False,2018-11-29 04:00:00
27.26,Theatre District,0.34,1011.42,0.0,2018-12-18 15:45:01,0.46,15.0,False,2018-12-18 15:00:00
44.88,Theatre District,0.88,1009.86,0.0,2018-11-26 20:35:09,0.84,9.4,False,2018-11-26 20:00:00
42.98,Boston University,0.96,1014.51,0.0,2018-11-26 15:05:09,0.91,3.26,False,2018-11-26 15:00:00
34.41,North End,0.99,1003.7,0.0,2018-12-17 12:45:02,0.92,7.84,False,2018-12-17 12:00:00
44.85,Back Bay,0.89,1000.7,0.0,2018-12-03 06:52:54,0.95,1.53,False,2018-12-03 06:00:00
40.89,Fenway,0.76,1028.45,0.0,2018-12-14 21:45:01,0.73,4.38,False,2018-12-14 21:00:00
38.23,West End,0.59,997.44,0.0,2018-11-29 01:24:43,0.72,10.39,False,2018-11-29 01:00:00
44.51,Theatre District,0.97,1007.95,0.0092,2018-11-26 22:42:25,0.88,9.69,True,2018-11-26 22:00:00
42.27,Financial District,0.91,1014.84,0.0022,2018-11-26 14:05:09,0.92,2.24,True,2018-11-26 14:00:00
45.01,Northeastern University,0.97,988.86,0.0,2018-11-27 12:45:20,0.94,4.53,False,2018-11-27 12:00:00
38.4,North End,0.48,991.64,0.0,2018-11-28 14:02:07,0.67,11.33,False,2018-11-28 14:00:00
38.74,Theatre District,1.0,1005.51,0.0,2018-12-17 06:45:01,0.91,11.09,False,2018-12-17 06:00:00
33.3,Haymarket Square,0.32,1022.5,0.0,2018-12-01 12:52:54,0.79,4.87,False,2018-12-01 12:00:00
37.85,Beacon Hill,0.45,999.0,0.0,2018-11-29 04:57:39,0.7,9.68,False,2018-11-29 04:00:00
37.99,Northeastern University,0.12,1017.43,0.0,2018-11-30 14:52:54,0.68,2.72,False,2018-11-30 14:00:00
37.69,North End,0.41,998.41,0.0,2018-11-29 03:19:00,0.71,11.18,False,2018-11-29 03:00:00
39.41,Fenway,1.0,1016.93,0.0,2018-11-30 20:52:54,0.64,3.83,False,2018-11-30 20:00:00
41.6,West End,1.0,1011.53,0.05,2018-12-17 00:45:02,0.84,10.8,True,2018-12-17 00:00:00
42.77,Boston University,0.74,1022.79,0.0,2018-12-01 19:52:54,0.57,1.69,False,2018-12-01 19:00:00
43.8,Theatre District,1.0,998.82,0.047,2018-11-27 05:15:20,0.9,13.73,True,2018-11-27 05:00:00
37.84,Back Bay,0.44,998.93,0.0,2018-11-29 04:46:23,0.7,9.35,False,2018-11-29 04:00:00
40.84,Northeastern University,0.98,1014.44,0.0,2018-11-26 08:21:59,0.93,1.34,False,2018-11-26 08:00:00
47.73,Theatre District,0.99,1002.64,0.0,2018-12-03 01:52:54,0.93,1.89,False,2018-12-03 01:00:00
43.96,West End,0.98,1006.0,0.1468,2018-11-27 00:58:48,0.9,9.96,True,2018-11-27 00:00:00
33.29,Haymarket Square,0.4,991.95,0.0,2018-11-28 09:42:24,0.84,6.79,False,2018-11-28 09:00:00
39.71,South Station,1.0,1007.22,0.0,2018-12-17 04:45:02,0.89,11.39,False,2018-12-17 04:00:00
39.5,Beacon Hill,0.83,995.63,0.0,2018-11-28 23:32:10,0.66,10.83,False,2018-11-28 23:00:00
47.28,Financial District,0.98,1002.74,0.0,2018-12-03 02:52:54,0.94,3.67,False,2018-12-03 02:00:00
32.79,Beacon Hill,0.88,1020.17,0.0,2018-12-01 09:52:54,0.79,4.2,False,2018-12-01 09:00:00
42.12,Financial District,0.91,1028.96,0.0,2018-12-14 20:45:01,0.69,4.56,False,2018-12-14 20:00:00
37.63,Boston University,0.5,998.74,0.0,2018-11-29 04:29:35,0.71,9.76,False,2018-11-29 04:00:00
40.53,North End,1.0,1014.19,0.0,2018-11-26 06:12:12,0.91,1.22,False,2018-11-26 06:00:00
39.25,South Station,0.37,998.29,0.0,2018-11-29 02:37:51,0.69,10.63,False,2018-11-29 02:00:00
32.7,Theatre District,0.88,1020.17,0.0,2018-12-01 09:52:54,0.79,4.23,False,2018-12-01 09:00:00
35.62,West End,0.8,1002.05,0.0,2018-12-18 04:45:02,0.67,10.65,False,2018-12-18 04:00:00
40.83,Back Bay,1.0,1014.74,0.0,2018-11-26 09:35:10,0.94,0.58,False,2018-11-26 09:00:00
42.49,North Station,1.0,1017.43,0.0,2018-12-16 17:45:02,0.72,9.84,False,2018-12-16 17:00:00
45.12,Boston University,0.97,1012.37,0.0,2018-11-26 18:05:08,0.88,4.61,False,2018-11-26 18:00:00
38.23,West End,1.0,1005.2,0.0,2018-12-17 07:45:01,0.92,10.73,False,2018-12-17 07:00:00
40.56,Northeastern University,0.94,1013.75,0.0,2018-11-26 04:55:44,0.92,2.88,False,2018-11-26 04:00:00
37.84,Beacon Hill,0.45,998.98,0.0,2018-11-29 04:54:50,0.7,9.6,False,2018-11-29 04:00:00
41.06,Beacon Hill,0.88,1027.59,0.0,2018-12-14 23:45:01,0.79,4.5,False,2018-12-14 23:00:00
35.91,Northeastern University,0.55,1023.47,0.0,2018-12-02 02:52:54,0.82,1.44,False,2018-12-02 02:00:00
46.44,Financial District,0.89,1021.79,0.0,2018-12-15 11:45:02,0.87,4.55,False,2018-12-15 11:00:00
46.79,North Station,0.86,1001.89,0.0,2018-12-03 04:52:54,0.94,2.68,False,2018-12-03 04:00:00
39.51,North Station,1.0,1018.09,0.028,2018-12-02 11:52:54,0.92,5.41,True,2018-12-02 11:00:00
19.67,Fenway,0.43,1031.08,0.0,2018-12-13 10:45:02,0.64,3.65,False,2018-12-13 10:00:00
37.31,Theatre District,1.0,1004.82,0.0,2018-12-17 08:45:01,0.93,10.78,False,2018-12-17 08:00:00
43.99,Theatre District,0.99,1005.32,0.1872,2018-11-27 01:18:34,0.9,11.33,True,2018-11-27 01:00:00
40.55,North End,0.93,1015.17,0.0,2018-11-26 12:35:08,0.95,3.16,False,2018-11-26 12:00:00
37.74,Theatre District,0.46,999.24,0.0,2018-11-29 05:17:35,0.7,10.14,False,2018-11-29 05:00:00
46.24,Northeastern University,1.0,1010.15,0.0,2018-12-02 16:52:54,0.95,6.89,False,2018-12-02 16:00:00
37.87,North Station,0.53,1023.52,0.0,2018-12-01 22:52:54,0.72,2.3,False,2018-12-01 22:00:00
40.51,Haymarket Square,1.0,1014.19,0.0,2018-11-26 06:14:45,0.91,1.24,False,2018-11-26 06:00:00
45.4,Northeastern University,0.92,1021.88,0.0,2018-12-15 07:45:01,0.92,6.26,False,2018-12-15 07:00:00
28.81,Financial District,0.28,1021.48,0.0,2018-12-10 02:40:57,0.6,5.21,False,2018-12-10 02:00:00
41.68,Financial District,1.0,1014.57,0.0,2018-11-26 09:03:06,0.9,1.75,False,2018-11-26 09:00:00
34.16,Financial District,0.4,991.96,0.0,2018-11-28 09:43:15,0.81,6.84,False,2018-11-28 09:00:00
38.46,Northeastern University,0.96,1017.24,0.0,2018-11-30 22:52:54,0.66,3.31,False,2018-11-30 22:00:00
41.59,West End,0.45,1023.68,0.0,2018-12-16 01:45:01,0.72,6.23,False,2018-12-16 01:00:00
32.21,North End,0.58,1034.09,0.0,2018-12-13 20:45:01,0.62,1.45,False,2018-12-13 20:00:00
33.6,Boston University,0.14,991.19,0.0,2018-11-28 10:02:08,0.82,5.47,False,2018-11-28 10:00:00
30.73,North Station,0.03,1017.23,0.0,2018-11-30 12:52:54,0.81,3.03,False,2018-11-30 12:00:00
37.95,Haymarket Square,0.53,1023.52,0.0,2018-12-01 22:52:54,0.71,2.31,False,2018-12-01 22:00:00
40.93,West End,1.0,991.82,0.0,2018-11-28 19:02:08,0.64,9.49,False,2018-11-28 19:00:00
35.16,Financial District,0.99,1003.67,0.0,2018-12-17 12:45:01,0.89,8.52,False,2018-12-17 12:00:00
46.05,Haymarket Square,0.91,1021.44,0.0,2018-12-15 09:45:01,0.9,5.9,False,2018-12-15 09:00:00
46.81,West End,0.06,1002.16,0.0,2018-12-03 23:52:54,0.56,8.64,False,2018-12-03 23:00:00
37.68,Theatre District,0.46,999.0,0.0,2018-11-29 04:57:39,0.7,9.73,False,2018-11-29 04:00:00
44.94,West End,0.99,990.88,0.0073,2018-11-27 10:45:20,0.97,6.32,True,2018-11-27 10:00:00
23.07,West End,0.05,1027.52,0.0,2018-12-13 04:24:57,0.47,4.19,False,2018-12-13 04:00:00
43.21,Beacon Hill,0.72,991.09,0.0,2018-11-27 20:15:20,0.71,8.73,False,2018-11-27 20:00:00
35.63,West End,0.2,1024.21,0.0,2018-12-02 00:52:54,0.78,1.85,False,2018-12-02 00:00:00
33.58,Financial District,0.13,991.17,0.0,2018-11-28 10:02:11,0.82,5.61,False,2018-11-28 10:00:00
42.12,South Station,1.0,1014.57,0.0,2018-11-26 08:34:05,0.89,1.25,False,2018-11-26 08:00:00
54.82,North End,0.62,999.86,0.0,2018-12-03 15:52:54,0.79,7.45,False,2018-12-03 15:00:00
50.83,West End,0.76,999.99,0.0,2018-12-03 13:52:54,0.89,6.17,False,2018-12-03 13:00:00
36.14,Theatre District,0.87,1018.49,0.0,2018-12-01 02:11:03,0.7,4.22,False,2018-12-01 02:00:00
41.17,North End,0.92,993.43,0.0,2018-11-28 21:02:08,0.63,8.5,False,2018-11-28 21:00:00
37.7,Boston University,0.41,998.68,0.0,2018-11-29 03:32:09,0.71,11.0,False,2018-11-29 03:00:00
33.77,Financial District,0.12,991.21,0.0,2018-11-28 09:48:15,0.82,5.41,False,2018-11-28 09:00:00
39.14,Financial District,0.45,991.94,0.0,2018-11-28 14:32:08,0.66,11.12,False,2018-11-28 14:00:00
47.97,Fenway,0.18,1001.46,0.0,2018-12-03 22:52:54,0.55,10.45,False,2018-12-03 22:00:00
38.94,Boston University,0.04,992.12,0.0,2018-11-28 00:45:20,0.72,7.41,False,2018-11-28 00:00:00
44.52,West End,0.97,1007.96,0.017,2018-11-26 22:42:24,0.88,9.61,True,2018-11-26 22:00:00
40.57,South Station,0.93,1013.76,0.0,2018-11-26 05:13:59,0.92,3.16,False,2018-11-26 05:00:00
38.33,West End,1.0,1020.7,0.0,2018-12-02 06:52:54,0.83,2.75,False,2018-12-02 06:00:00
45.49,Northeastern University,0.92,1001.11,0.0,2018-12-03 08:52:54,0.94,2.65,False,2018-12-03 08:00:00
46.86,Haymarket Square,0.86,1001.89,0.0,2018-12-03 04:52:54,0.94,2.69,False,2018-12-03 04:00:00
38.85,North Station,0.22,1010.76,0.0,2018-11-29 23:52:54,0.62,8.2,False,2018-11-29 23:00:00
34.61,West End,0.77,991.16,0.0,2018-11-28 12:06:23,0.76,6.65,False,2018-11-28 12:00:00
46.63,Financial District,0.97,1022.14,0.0,2018-12-15 13:45:02,0.88,3.79,False,2018-12-15 13:00:00
36.87,Haymarket Square,0.55,1001.57,0.0,2018-12-18 01:45:01,0.71,8.93,False,2018-12-18 01:00:00
44.02,West End,1.0,993.18,0.0223,2018-11-27 09:15:20,0.95,9.24,True,2018-11-27 09:00:00
29.71,Northeastern University,0.68,1034.98,0.0,2018-12-14 03:45:01,0.71,1.93,False,2018-12-14 03:00:00
45.19,Beacon Hill,1.0,1022.35,0.0,2018-12-15 06:45:02,0.91,6.19,False,2018-12-15 06:00:00
43.84,Back Bay,0.99,1002.56,0.147,2018-11-27 02:45:20,0.89,11.3,True,2018-11-27 02:00:00
33.08,Fenway,0.19,1033.81,0.0,2018-12-14 14:45:01,0.78,3.18,False,2018-12-14 14:00:00
34.86,Fenway,0.55,991.77,0.0,2018-11-28 08:07:39,0.79,5.7,False,2018-11-28 08:00:00
37.89,North Station,0.98,1000.16,0.0,2018-11-29 06:48:52,0.69,9.99,False,2018-11-29 06:00:00
